[PPO-Random] 课程: ppo_random_curriculum.yaml
[PPO-Random] 模型: /Users/zhangzongyu/Desktop/RL/sprint3/outputs/models/ppo_random.zip
[PPO-Random] 日志: /Users/zhangzongyu/Desktop/RL/sprint3/outputs/results/ppo_random_train.json
Traceback (most recent call last):
  File "/opt/anaconda3/lib/python3.12/site-packages/tensorboard/compat/__init__.py", line 42, in tf
    from tensorboard.compat import notf  # noqa: F401
    ^^^^^^^^^^^^^^^^^^^^^^^^^^^^^^^^^^^
ImportError: cannot import name 'notf' from 'tensorboard.compat' (/opt/anaconda3/lib/python3.12/site-packages/tensorboard/compat/__init__.py)

During handling of the above exception, another exception occurred:

AttributeError: 'MessageFactory' object has no attribute 'GetPrototype'
Traceback (most recent call last):
  File "/opt/anaconda3/lib/python3.12/site-packages/tensorboard/compat/__init__.py", line 42, in tf
    from tensorboard.compat import notf  # noqa: F401
    ^^^^^^^^^^^^^^^^^^^^^^^^^^^^^^^^^^^
ImportError: cannot import name 'notf' from 'tensorboard.compat' (/opt/anaconda3/lib/python3.12/site-packages/tensorboard/compat/__init__.py)

During handling of the above exception, another exception occurred:

AttributeError: 'MessageFactory' object has no attribute 'GetPrototype'
Traceback (most recent call last):
  File "/opt/anaconda3/lib/python3.12/site-packages/tensorboard/compat/__init__.py", line 42, in tf
    from tensorboard.compat import notf  # noqa: F401
    ^^^^^^^^^^^^^^^^^^^^^^^^^^^^^^^^^^^
ImportError: cannot import name 'notf' from 'tensorboard.compat' (/opt/anaconda3/lib/python3.12/site-packages/tensorboard/compat/__init__.py)

During handling of the above exception, another exception occurred:

AttributeError: 'MessageFactory' object has no attribute 'GetPrototype'
Traceback (most recent call last):
  File "/opt/anaconda3/lib/python3.12/site-packages/tensorboard/compat/__init__.py", line 42, in tf
    from tensorboard.compat import notf  # noqa: F401
    ^^^^^^^^^^^^^^^^^^^^^^^^^^^^^^^^^^^
ImportError: cannot import name 'notf' from 'tensorboard.compat' (/opt/anaconda3/lib/python3.12/site-packages/tensorboard/compat/__init__.py)

During handling of the above exception, another exception occurred:

AttributeError: 'MessageFactory' object has no attribute 'GetPrototype'
Traceback (most recent call last):
  File "/opt/anaconda3/lib/python3.12/site-packages/tensorboard/compat/__init__.py", line 42, in tf
    from tensorboard.compat import notf  # noqa: F401
    ^^^^^^^^^^^^^^^^^^^^^^^^^^^^^^^^^^^
ImportError: cannot import name 'notf' from 'tensorboard.compat' (/opt/anaconda3/lib/python3.12/site-packages/tensorboard/compat/__init__.py)

During handling of the above exception, another exception occurred:

AttributeError: 'MessageFactory' object has no attribute 'GetPrototype'

[PPO-Random] 生成训练地图池 20 张 …
  完成，耗时 45.8s | 示例障碍占比 23.0%

============================================================
[PPO-Random] 阶段 1/4 | random_96
  规模: 96×96 | 训练池: 20 | 留出评测: 10
  train steps: 80,000 | max_episode_steps: 280
============================================================
/opt/anaconda3/lib/python3.12/site-packages/transformers/utils/hub.py:128: FutureWarning: Using `TRANSFORMERS_CACHE` is deprecated and will be removed in v5 of Transformers. Use `HF_HOME` instead.
  warnings.warn(
Using cpu device
---------------------------------
| rollout/           |          |
|    ep_len_mean     | 280      |
|    ep_rew_mean     | -8.83    |
| time/              |          |
|    fps             | 2160     |
|    iterations      | 1        |
|    time_elapsed    | 0        |
|    total_timesteps | 2048     |
---------------------------------
-----------------------------------------
| rollout/                |             |
|    ep_len_mean          | 280         |
|    ep_rew_mean          | -5.69       |
| time/                   |             |
|    fps                  | 1993        |
|    iterations           | 2           |
|    time_elapsed         | 2           |
|    total_timesteps      | 4096        |
| train/                  |             |
|    approx_kl            | 0.017910928 |
|    clip_fraction        | 0.266       |
|    clip_range           | 0.2         |
|    entropy_loss         | -2.07       |
|    explained_variance   | -0.021      |
|    learning_rate        | 0.0003      |
|    loss                 | 1.42        |
|    n_updates            | 10          |
|    policy_gradient_loss | -0.0353     |
|    value_loss           | 3.28        |
-----------------------------------------
-----------------------------------------
| rollout/                |             |
|    ep_len_mean          | 280         |
|    ep_rew_mean          | -0.558      |
| time/                   |             |
|    fps                  | 1907        |
|    iterations           | 3           |
|    time_elapsed         | 3           |
|    total_timesteps      | 6144        |
| train/                  |             |
|    approx_kl            | 0.017889172 |
|    clip_fraction        | 0.291       |
|    clip_range           | 0.2         |
|    entropy_loss         | -2.03       |
|    explained_variance   | 0.336       |
|    learning_rate        | 0.0003      |
|    loss                 | 1.17        |
|    n_updates            | 20          |
|    policy_gradient_loss | -0.0365     |
|    value_loss           | 2.67        |
-----------------------------------------
-----------------------------------------
| rollout/                |             |
|    ep_len_mean          | 280         |
|    ep_rew_mean          | 5.77        |
| time/                   |             |
|    fps                  | 1859        |
|    iterations           | 4           |
|    time_elapsed         | 4           |
|    total_timesteps      | 8192        |
| train/                  |             |
|    approx_kl            | 0.013893595 |
|    clip_fraction        | 0.0752      |
|    clip_range           | 0.2         |
|    entropy_loss         | -2.01       |
|    explained_variance   | 0.424       |
|    learning_rate        | 0.0003      |
|    loss                 | 1.31        |
|    n_updates            | 30          |
|    policy_gradient_loss | -0.0152     |
|    value_loss           | 3.91        |
-----------------------------------------
-----------------------------------------
| rollout/                |             |
|    ep_len_mean          | 280         |
|    ep_rew_mean          | 9.65        |
| time/                   |             |
|    fps                  | 1835        |
|    iterations           | 5           |
|    time_elapsed         | 5           |
|    total_timesteps      | 10240       |
| train/                  |             |
|    approx_kl            | 0.014535945 |
|    clip_fraction        | 0.133       |
|    clip_range           | 0.2         |
|    entropy_loss         | -1.95       |
|    explained_variance   | 0.687       |
|    learning_rate        | 0.0003      |
|    loss                 | 1.17        |
|    n_updates            | 40          |
|    policy_gradient_loss | -0.0222     |
|    value_loss           | 3.56        |
-----------------------------------------
---------------------------------------
| rollout/                |           |
|    ep_len_mean          | 280       |
|    ep_rew_mean          | 17        |
| time/                   |           |
|    fps                  | 1823      |
|    iterations           | 6         |
|    time_elapsed         | 6         |
|    total_timesteps      | 12288     |
| train/                  |           |
|    approx_kl            | 0.0103924 |
|    clip_fraction        | 0.0388    |
|    clip_range           | 0.2       |
|    entropy_loss         | -1.93     |
|    explained_variance   | 0.751     |
|    learning_rate        | 0.0003    |
|    loss                 | 1.66      |
|    n_updates            | 50        |
|    policy_gradient_loss | -0.0109   |
|    value_loss           | 5.51      |
---------------------------------------
-----------------------------------------
| rollout/                |             |
|    ep_len_mean          | 279         |
|    ep_rew_mean          | 20.7        |
| time/                   |             |
|    fps                  | 1817        |
|    iterations           | 7           |
|    time_elapsed         | 7           |
|    total_timesteps      | 14336       |
| train/                  |             |
|    approx_kl            | 0.007687446 |
|    clip_fraction        | 0.0121      |
|    clip_range           | 0.2         |
|    entropy_loss         | -1.89       |
|    explained_variance   | 0.766       |
|    learning_rate        | 0.0003      |
|    loss                 | 2.88        |
|    n_updates            | 60          |
|    policy_gradient_loss | -0.0103     |
|    value_loss           | 9.85        |
-----------------------------------------
-----------------------------------------
| rollout/                |             |
|    ep_len_mean          | 279         |
|    ep_rew_mean          | 28.6        |
| time/                   |             |
|    fps                  | 1817        |
|    iterations           | 8           |
|    time_elapsed         | 9           |
|    total_timesteps      | 16384       |
| train/                  |             |
|    approx_kl            | 0.002577119 |
|    clip_fraction        | 0.000244    |
|    clip_range           | 0.2         |
|    entropy_loss         | -1.86       |
|    explained_variance   | 0.415       |
|    learning_rate        | 0.0003      |
|    loss                 | 69.7        |
|    n_updates            | 70          |
|    policy_gradient_loss | -0.00434    |
|    value_loss           | 94.6        |
-----------------------------------------
------------------------------------------
| rollout/                |              |
|    ep_len_mean          | 279          |
|    ep_rew_mean          | 31.9         |
| time/                   |              |
|    fps                  | 1783         |
|    iterations           | 9            |
|    time_elapsed         | 10           |
|    total_timesteps      | 18432        |
| train/                  |              |
|    approx_kl            | 0.0017359133 |
|    clip_fraction        | 0.0041       |
|    clip_range           | 0.2          |
|    entropy_loss         | -1.82        |
|    explained_variance   | 0.342        |
|    learning_rate        | 0.0003       |
|    loss                 | 53.4         |
|    n_updates            | 80           |
|    policy_gradient_loss | -0.00476     |
|    value_loss           | 98.5         |
------------------------------------------
-----------------------------------------
| rollout/                |             |
|    ep_len_mean          | 277         |
|    ep_rew_mean          | 40.6        |
| time/                   |             |
|    fps                  | 1778        |
|    iterations           | 10          |
|    time_elapsed         | 11          |
|    total_timesteps      | 20480       |
| train/                  |             |
|    approx_kl            | 0.009770936 |
|    clip_fraction        | 0.0729      |
|    clip_range           | 0.2         |
|    entropy_loss         | -1.85       |
|    explained_variance   | 0.867       |
|    learning_rate        | 0.0003      |
|    loss                 | 4.2         |
|    n_updates            | 90          |
|    policy_gradient_loss | -0.0149     |
|    value_loss           | 13          |
-----------------------------------------
------------------------------------------
| rollout/                |              |
|    ep_len_mean          | 276          |
|    ep_rew_mean          | 44.4         |
| time/                   |              |
|    fps                  | 1775         |
|    iterations           | 11           |
|    time_elapsed         | 12           |
|    total_timesteps      | 22528        |
| train/                  |              |
|    approx_kl            | 0.0022179645 |
|    clip_fraction        | 0.00161      |
|    clip_range           | 0.2          |
|    entropy_loss         | -1.83        |
|    explained_variance   | 0.396        |
|    learning_rate        | 0.0003       |
|    loss                 | 102          |
|    n_updates            | 100          |
|    policy_gradient_loss | -0.00341     |
|    value_loss           | 245          |
------------------------------------------
------------------------------------------
| rollout/                |              |
|    ep_len_mean          | 275          |
|    ep_rew_mean          | 50.2         |
| time/                   |              |
|    fps                  | 1772         |
|    iterations           | 12           |
|    time_elapsed         | 13           |
|    total_timesteps      | 24576        |
| train/                  |              |
|    approx_kl            | 0.0021512355 |
|    clip_fraction        | 0.00308      |
|    clip_range           | 0.2          |
|    entropy_loss         | -1.8         |
|    explained_variance   | 0.483        |
|    learning_rate        | 0.0003       |
|    loss                 | 94.8         |
|    n_updates            | 110          |
|    policy_gradient_loss | -0.00697     |
|    value_loss           | 155          |
------------------------------------------
------------------------------------------
| rollout/                |              |
|    ep_len_mean          | 272          |
|    ep_rew_mean          | 59.7         |
| time/                   |              |
|    fps                  | 1771         |
|    iterations           | 13           |
|    time_elapsed         | 15           |
|    total_timesteps      | 26624        |
| train/                  |              |
|    approx_kl            | 0.0040259603 |
|    clip_fraction        | 0.0112       |
|    clip_range           | 0.2          |
|    entropy_loss         | -1.79        |
|    explained_variance   | 0.536        |
|    learning_rate        | 0.0003       |
|    loss                 | 28.9         |
|    n_updates            | 120          |
|    policy_gradient_loss | -0.00569     |
|    value_loss           | 161          |
------------------------------------------
-----------------------------------------
| rollout/                |             |
|    ep_len_mean          | 272         |
|    ep_rew_mean          | 64.5        |
| time/                   |             |
|    fps                  | 1766        |
|    iterations           | 14          |
|    time_elapsed         | 16          |
|    total_timesteps      | 28672       |
| train/                  |             |
|    approx_kl            | 0.001796541 |
|    clip_fraction        | 0.00146     |
|    clip_range           | 0.2         |
|    entropy_loss         | -1.79       |
|    explained_variance   | 0.419       |
|    learning_rate        | 0.0003      |
|    loss                 | 167         |
|    n_updates            | 130         |
|    policy_gradient_loss | -0.00369    |
|    value_loss           | 358         |
-----------------------------------------
------------------------------------------
| rollout/                |              |
|    ep_len_mean          | 270          |
|    ep_rew_mean          | 74.7         |
| time/                   |              |
|    fps                  | 1764         |
|    iterations           | 15           |
|    time_elapsed         | 17           |
|    total_timesteps      | 30720        |
| train/                  |              |
|    approx_kl            | 0.0054541016 |
|    clip_fraction        | 0.0134       |
|    clip_range           | 0.2          |
|    entropy_loss         | -1.82        |
|    explained_variance   | 0.585        |
|    learning_rate        | 0.0003       |
|    loss                 | 95.6         |
|    n_updates            | 140          |
|    policy_gradient_loss | -0.00582     |
|    value_loss           | 140          |
------------------------------------------
-----------------------------------------
| rollout/                |             |
|    ep_len_mean          | 269         |
|    ep_rew_mean          | 81.8        |
| time/                   |             |
|    fps                  | 1762        |
|    iterations           | 16          |
|    time_elapsed         | 18          |
|    total_timesteps      | 32768       |
| train/                  |             |
|    approx_kl            | 0.002037874 |
|    clip_fraction        | 0.000293    |
|    clip_range           | 0.2         |
|    entropy_loss         | -1.79       |
|    explained_variance   | 0.506       |
|    learning_rate        | 0.0003      |
|    loss                 | 101         |
|    n_updates            | 150         |
|    policy_gradient_loss | -0.00384    |
|    value_loss           | 212         |
-----------------------------------------
-----------------------------------------
| rollout/                |             |
|    ep_len_mean          | 267         |
|    ep_rew_mean          | 90.9        |
| time/                   |             |
|    fps                  | 1757        |
|    iterations           | 17          |
|    time_elapsed         | 19          |
|    total_timesteps      | 34816       |
| train/                  |             |
|    approx_kl            | 0.004832574 |
|    clip_fraction        | 0.0214      |
|    clip_range           | 0.2         |
|    entropy_loss         | -1.74       |
|    explained_variance   | 0.532       |
|    learning_rate        | 0.0003      |
|    loss                 | 76.4        |
|    n_updates            | 160         |
|    policy_gradient_loss | -0.00846    |
|    value_loss           | 191         |
-----------------------------------------
-----------------------------------------
| rollout/                |             |
|    ep_len_mean          | 264         |
|    ep_rew_mean          | 103         |
| time/                   |             |
|    fps                  | 1756        |
|    iterations           | 18          |
|    time_elapsed         | 20          |
|    total_timesteps      | 36864       |
| train/                  |             |
|    approx_kl            | 0.004635336 |
|    clip_fraction        | 0.0413      |
|    clip_range           | 0.2         |
|    entropy_loss         | -1.79       |
|    explained_variance   | 0.582       |
|    learning_rate        | 0.0003      |
|    loss                 | 141         |
|    n_updates            | 170         |
|    policy_gradient_loss | -0.00592    |
|    value_loss           | 244         |
-----------------------------------------
------------------------------------------
| rollout/                |              |
|    ep_len_mean          | 264          |
|    ep_rew_mean          | 103          |
| time/                   |              |
|    fps                  | 1752         |
|    iterations           | 19           |
|    time_elapsed         | 22           |
|    total_timesteps      | 38912        |
| train/                  |              |
|    approx_kl            | 0.0037552584 |
|    clip_fraction        | 0.00698      |
|    clip_range           | 0.2          |
|    entropy_loss         | -1.7         |
|    explained_variance   | 0.437        |
|    learning_rate        | 0.0003       |
|    loss                 | 135          |
|    n_updates            | 180          |
|    policy_gradient_loss | -0.00585     |
|    value_loss           | 350          |
------------------------------------------
----------------------------------------
| rollout/                |            |
|    ep_len_mean          | 264        |
|    ep_rew_mean          | 107        |
| time/                   |            |
|    fps                  | 1750       |
|    iterations           | 20         |
|    time_elapsed         | 23         |
|    total_timesteps      | 40960      |
| train/                  |            |
|    approx_kl            | 0.00884717 |
|    clip_fraction        | 0.103      |
|    clip_range           | 0.2        |
|    entropy_loss         | -1.84      |
|    explained_variance   | 0.792      |
|    learning_rate        | 0.0003     |
|    loss                 | 40.2       |
|    n_updates            | 190        |
|    policy_gradient_loss | -0.0102    |
|    value_loss           | 72.5       |
----------------------------------------
 100% ━━━━━━━━━━━━━━━━━━━━━━━━ 40,960/40,000  [ 0:00:22 < 0:00:00 , 1,743 it/s ]

  [eval @ 40,000] success=60.0% (12/20)
---------------------------------
| rollout/           |          |
|    ep_len_mean     | 263      |
|    ep_rew_mean     | 107      |
| time/              |          |
|    fps             | 1818     |
|    iterations      | 1        |
|    time_elapsed    | 1        |
|    total_timesteps | 43008    |
---------------------------------
-----------------------------------------
| rollout/                |             |
|    ep_len_mean          | 262         |
|    ep_rew_mean          | 108         |
| time/                   |             |
|    fps                  | 1741        |
|    iterations           | 2           |
|    time_elapsed         | 2           |
|    total_timesteps      | 45056       |
| train/                  |             |
|    approx_kl            | 0.007527427 |
|    clip_fraction        | 0.044       |
|    clip_range           | 0.2         |
|    entropy_loss         | -1.77       |
|    explained_variance   | 0.661       |
|    learning_rate        | 0.0003      |
|    loss                 | 98          |
|    n_updates            | 210         |
|    policy_gradient_loss | -0.00815    |
|    value_loss           | 189         |
-----------------------------------------
------------------------------------------
| rollout/                |              |
|    ep_len_mean          | 261          |
|    ep_rew_mean          | 110          |
| time/                   |              |
|    fps                  | 1654         |
|    iterations           | 3            |
|    time_elapsed         | 3            |
|    total_timesteps      | 47104        |
| train/                  |              |
|    approx_kl            | 0.0068104826 |
|    clip_fraction        | 0.0552       |
|    clip_range           | 0.2          |
|    entropy_loss         | -1.79        |
|    explained_variance   | 0.74         |
|    learning_rate        | 0.0003       |
|    loss                 | 11.1         |
|    n_updates            | 220          |
|    policy_gradient_loss | -0.0112      |
|    value_loss           | 74.2         |
------------------------------------------
------------------------------------------
| rollout/                |              |
|    ep_len_mean          | 260          |
|    ep_rew_mean          | 110          |
| time/                   |              |
|    fps                  | 1654         |
|    iterations           | 4            |
|    time_elapsed         | 4            |
|    total_timesteps      | 49152        |
| train/                  |              |
|    approx_kl            | 0.0025075562 |
|    clip_fraction        | 0.00176      |
|    clip_range           | 0.2          |
|    entropy_loss         | -1.73        |
|    explained_variance   | 0.616        |
|    learning_rate        | 0.0003       |
|    loss                 | 132          |
|    n_updates            | 230          |
|    policy_gradient_loss | -0.00393     |
|    value_loss           | 287          |
------------------------------------------
-----------------------------------------
| rollout/                |             |
|    ep_len_mean          | 256         |
|    ep_rew_mean          | 119         |
| time/                   |             |
|    fps                  | 1653        |
|    iterations           | 5           |
|    time_elapsed         | 6           |
|    total_timesteps      | 51200       |
| train/                  |             |
|    approx_kl            | 0.006217474 |
|    clip_fraction        | 0.0621      |
|    clip_range           | 0.2         |
|    entropy_loss         | -1.79       |
|    explained_variance   | 0.716       |
|    learning_rate        | 0.0003      |
|    loss                 | 27.3        |
|    n_updates            | 240         |
|    policy_gradient_loss | -0.00961    |
|    value_loss           | 118         |
-----------------------------------------
-----------------------------------------
| rollout/                |             |
|    ep_len_mean          | 256         |
|    ep_rew_mean          | 116         |
| time/                   |             |
|    fps                  | 1650        |
|    iterations           | 6           |
|    time_elapsed         | 7           |
|    total_timesteps      | 53248       |
| train/                  |             |
|    approx_kl            | 0.003481085 |
|    clip_fraction        | 0.0271      |
|    clip_range           | 0.2         |
|    entropy_loss         | -1.66       |
|    explained_variance   | 0.5         |
|    learning_rate        | 0.0003      |
|    loss                 | 230         |
|    n_updates            | 250         |
|    policy_gradient_loss | -0.00555    |
|    value_loss           | 371         |
-----------------------------------------
-----------------------------------------
| rollout/                |             |
|    ep_len_mean          | 255         |
|    ep_rew_mean          | 117         |
| time/                   |             |
|    fps                  | 1663        |
|    iterations           | 7           |
|    time_elapsed         | 8           |
|    total_timesteps      | 55296       |
| train/                  |             |
|    approx_kl            | 0.006107778 |
|    clip_fraction        | 0.0365      |
|    clip_range           | 0.2         |
|    entropy_loss         | -1.75       |
|    explained_variance   | 0.654       |
|    learning_rate        | 0.0003      |
|    loss                 | 75.5        |
|    n_updates            | 260         |
|    policy_gradient_loss | -0.00978    |
|    value_loss           | 217         |
-----------------------------------------
------------------------------------------
| rollout/                |              |
|    ep_len_mean          | 252          |
|    ep_rew_mean          | 122          |
| time/                   |              |
|    fps                  | 1675         |
|    iterations           | 8            |
|    time_elapsed         | 9            |
|    total_timesteps      | 57344        |
| train/                  |              |
|    approx_kl            | 0.0044368813 |
|    clip_fraction        | 0.0203       |
|    clip_range           | 0.2          |
|    entropy_loss         | -1.7         |
|    explained_variance   | 0.719        |
|    learning_rate        | 0.0003       |
|    loss                 | 69.5         |
|    n_updates            | 270          |
|    policy_gradient_loss | -0.00856     |
|    value_loss           | 158          |
------------------------------------------
------------------------------------------
| rollout/                |              |
|    ep_len_mean          | 249          |
|    ep_rew_mean          | 127          |
| time/                   |              |
|    fps                  | 1682         |
|    iterations           | 9            |
|    time_elapsed         | 10           |
|    total_timesteps      | 59392        |
| train/                  |              |
|    approx_kl            | 0.0030314329 |
|    clip_fraction        | 0.00664      |
|    clip_range           | 0.2          |
|    entropy_loss         | -1.68        |
|    explained_variance   | 0.649        |
|    learning_rate        | 0.0003       |
|    loss                 | 113          |
|    n_updates            | 280          |
|    policy_gradient_loss | -0.00705     |
|    value_loss           | 284          |
------------------------------------------
-----------------------------------------
| rollout/                |             |
|    ep_len_mean          | 247         |
|    ep_rew_mean          | 124         |
| time/                   |             |
|    fps                  | 1688        |
|    iterations           | 10          |
|    time_elapsed         | 12          |
|    total_timesteps      | 61440       |
| train/                  |             |
|    approx_kl            | 0.004764716 |
|    clip_fraction        | 0.0281      |
|    clip_range           | 0.2         |
|    entropy_loss         | -1.69       |
|    explained_variance   | 0.75        |
|    learning_rate        | 0.0003      |
|    loss                 | 83.3        |
|    n_updates            | 290         |
|    policy_gradient_loss | -0.00711    |
|    value_loss           | 208         |
-----------------------------------------
------------------------------------------
| rollout/                |              |
|    ep_len_mean          | 242          |
|    ep_rew_mean          | 134          |
| time/                   |              |
|    fps                  | 1693         |
|    iterations           | 11           |
|    time_elapsed         | 13           |
|    total_timesteps      | 63488        |
| train/                  |              |
|    approx_kl            | 0.0058905426 |
|    clip_fraction        | 0.0457       |
|    clip_range           | 0.2          |
|    entropy_loss         | -1.59        |
|    explained_variance   | 0.733        |
|    learning_rate        | 0.0003       |
|    loss                 | 141          |
|    n_updates            | 300          |
|    policy_gradient_loss | -0.00902     |
|    value_loss           | 269          |
------------------------------------------
------------------------------------------
| rollout/                |              |
|    ep_len_mean          | 235          |
|    ep_rew_mean          | 144          |
| time/                   |              |
|    fps                  | 1696         |
|    iterations           | 12           |
|    time_elapsed         | 14           |
|    total_timesteps      | 65536        |
| train/                  |              |
|    approx_kl            | 0.0028417595 |
|    clip_fraction        | 0.0142       |
|    clip_range           | 0.2          |
|    entropy_loss         | -1.63        |
|    explained_variance   | 0.7          |
|    learning_rate        | 0.0003       |
|    loss                 | 124          |
|    n_updates            | 310          |
|    policy_gradient_loss | -0.00773     |
|    value_loss           | 264          |
------------------------------------------
------------------------------------------
| rollout/                |              |
|    ep_len_mean          | 233          |
|    ep_rew_mean          | 144          |
| time/                   |              |
|    fps                  | 1699         |
|    iterations           | 13           |
|    time_elapsed         | 15           |
|    total_timesteps      | 67584        |
| train/                  |              |
|    approx_kl            | 0.0036456664 |
|    clip_fraction        | 0.00908      |
|    clip_range           | 0.2          |
|    entropy_loss         | -1.53        |
|    explained_variance   | 0.74         |
|    learning_rate        | 0.0003       |
|    loss                 | 144          |
|    n_updates            | 320          |
|    policy_gradient_loss | -0.00583     |
|    value_loss           | 326          |
------------------------------------------
------------------------------------------
| rollout/                |              |
|    ep_len_mean          | 232          |
|    ep_rew_mean          | 144          |
| time/                   |              |
|    fps                  | 1689         |
|    iterations           | 14           |
|    time_elapsed         | 16           |
|    total_timesteps      | 69632        |
| train/                  |              |
|    approx_kl            | 0.0043287966 |
|    clip_fraction        | 0.0325       |
|    clip_range           | 0.2          |
|    entropy_loss         | -1.67        |
|    explained_variance   | 0.818        |
|    learning_rate        | 0.0003       |
|    loss                 | 42           |
|    n_updates            | 330          |
|    policy_gradient_loss | -0.00803     |
|    value_loss           | 135          |
------------------------------------------
------------------------------------------
| rollout/                |              |
|    ep_len_mean          | 228          |
|    ep_rew_mean          | 153          |
| time/                   |              |
|    fps                  | 1691         |
|    iterations           | 15           |
|    time_elapsed         | 18           |
|    total_timesteps      | 71680        |
| train/                  |              |
|    approx_kl            | 0.0054013226 |
|    clip_fraction        | 0.0374       |
|    clip_range           | 0.2          |
|    entropy_loss         | -1.64        |
|    explained_variance   | 0.713        |
|    learning_rate        | 0.0003       |
|    loss                 | 55.7         |
|    n_updates            | 340          |
|    policy_gradient_loss | -0.00794     |
|    value_loss           | 170          |
------------------------------------------
-----------------------------------------
| rollout/                |             |
|    ep_len_mean          | 226         |
|    ep_rew_mean          | 151         |
| time/                   |             |
|    fps                  | 1692        |
|    iterations           | 16          |
|    time_elapsed         | 19          |
|    total_timesteps      | 73728       |
| train/                  |             |
|    approx_kl            | 0.005657374 |
|    clip_fraction        | 0.0307      |
|    clip_range           | 0.2         |
|    entropy_loss         | -1.56       |
|    explained_variance   | 0.78        |
|    learning_rate        | 0.0003      |
|    loss                 | 84.9        |
|    n_updates            | 350         |
|    policy_gradient_loss | -0.00811    |
|    value_loss           | 223         |
-----------------------------------------
----------------------------------------
| rollout/                |            |
|    ep_len_mean          | 222        |
|    ep_rew_mean          | 153        |
| time/                   |            |
|    fps                  | 1695       |
|    iterations           | 17         |
|    time_elapsed         | 20         |
|    total_timesteps      | 75776      |
| train/                  |            |
|    approx_kl            | 0.00429021 |
|    clip_fraction        | 0.0259     |
|    clip_range           | 0.2        |
|    entropy_loss         | -1.53      |
|    explained_variance   | 0.764      |
|    learning_rate        | 0.0003     |
|    loss                 | 77         |
|    n_updates            | 360        |
|    policy_gradient_loss | -0.009     |
|    value_loss           | 256        |
----------------------------------------
-----------------------------------------
| rollout/                |             |
|    ep_len_mean          | 219         |
|    ep_rew_mean          | 157         |
| time/                   |             |
|    fps                  | 1696        |
|    iterations           | 18          |
|    time_elapsed         | 21          |
|    total_timesteps      | 77824       |
| train/                  |             |
|    approx_kl            | 0.004896438 |
|    clip_fraction        | 0.0454      |
|    clip_range           | 0.2         |
|    entropy_loss         | -1.55       |
|    explained_variance   | 0.806       |
|    learning_rate        | 0.0003      |
|    loss                 | 108         |
|    n_updates            | 370         |
|    policy_gradient_loss | -0.00865    |
|    value_loss           | 215         |
-----------------------------------------
-----------------------------------------
| rollout/                |             |
|    ep_len_mean          | 221         |
|    ep_rew_mean          | 149         |
| time/                   |             |
|    fps                  | 1695        |
|    iterations           | 19          |
|    time_elapsed         | 22          |
|    total_timesteps      | 79872       |
| train/                  |             |
|    approx_kl            | 0.005791585 |
|    clip_fraction        | 0.0424      |
|    clip_range           | 0.2         |
|    entropy_loss         | -1.52       |
|    explained_variance   | 0.794       |
|    learning_rate        | 0.0003      |
|    loss                 | 140         |
|    n_updates            | 380         |
|    policy_gradient_loss | -0.00886    |
|    value_loss           | 239         |
-----------------------------------------
------------------------------------------
| rollout/                |              |
|    ep_len_mean          | 224          |
|    ep_rew_mean          | 145          |
| time/                   |              |
|    fps                  | 1696         |
|    iterations           | 20           |
|    time_elapsed         | 24           |
|    total_timesteps      | 81920        |
| train/                  |              |
|    approx_kl            | 0.0043548807 |
|    clip_fraction        | 0.0133       |
|    clip_range           | 0.2          |
|    entropy_loss         | -1.64        |
|    explained_variance   | 0.865        |
|    learning_rate        | 0.0003       |
|    loss                 | 42.2         |
|    n_updates            | 390          |
|    policy_gradient_loss | -0.00609     |
|    value_loss           | 81.1         |
------------------------------------------
 100% ━━━━━━━━━━━━━━━━━━━━━━━━ 40,960/40,000  [ 0:00:23 < 0:00:00 , 1,688 it/s ]

  [eval @ 80,000] success=50.0% (10/20)
  [eval final] success=50.0%
[PPO-Random] 阶段 random_96 完成，耗时 52.3s

[PPO-Random] 生成训练地图池 18 张 …
  完成，耗时 384.0s | 示例障碍占比 21.8%

============================================================
[PPO-Random] 阶段 2/4 | random_192
  规模: 192×192 | 训练池: 18 | 留出评测: 8
  train steps: 100,000 | max_episode_steps: 520
============================================================
---------------------------------
| rollout/           |          |
|    ep_len_mean     | 232      |
|    ep_rew_mean     | 147      |
| time/              |          |
|    fps             | 1982     |
|    iterations      | 1        |
|    time_elapsed    | 1        |
|    total_timesteps | 83968    |
---------------------------------
-----------------------------------------
| rollout/                |             |
|    ep_len_mean          | 244         |
|    ep_rew_mean          | 144         |
| time/                   |             |
|    fps                  | 1888        |
|    iterations           | 2           |
|    time_elapsed         | 2           |
|    total_timesteps      | 86016       |
| train/                  |             |
|    approx_kl            | 0.008344205 |
|    clip_fraction        | 0.0469      |
|    clip_range           | 0.2         |
|    entropy_loss         | -1.5        |
|    explained_variance   | 0.799       |
|    learning_rate        | 0.0003      |
|    loss                 | 14.9        |
|    n_updates            | 410         |
|    policy_gradient_loss | -0.00853    |
|    value_loss           | 40.5        |
-----------------------------------------
-----------------------------------------
| rollout/                |             |
|    ep_len_mean          | 255         |
|    ep_rew_mean          | 145         |
| time/                   |             |
|    fps                  | 1885        |
|    iterations           | 3           |
|    time_elapsed         | 3           |
|    total_timesteps      | 88064       |
| train/                  |             |
|    approx_kl            | 0.009520829 |
|    clip_fraction        | 0.0875      |
|    clip_range           | 0.2         |
|    entropy_loss         | -1.6        |
|    explained_variance   | 0.926       |
|    learning_rate        | 0.0003      |
|    loss                 | 2.74        |
|    n_updates            | 420         |
|    policy_gradient_loss | -0.0123     |
|    value_loss           | 16.5        |
-----------------------------------------
-----------------------------------------
| rollout/                |             |
|    ep_len_mean          | 268         |
|    ep_rew_mean          | 143         |
| time/                   |             |
|    fps                  | 1861        |
|    iterations           | 4           |
|    time_elapsed         | 4           |
|    total_timesteps      | 90112       |
| train/                  |             |
|    approx_kl            | 0.010476856 |
|    clip_fraction        | 0.0716      |
|    clip_range           | 0.2         |
|    entropy_loss         | -1.39       |
|    explained_variance   | 0.365       |
|    learning_rate        | 0.0003      |
|    loss                 | 6.05        |
|    n_updates            | 430         |
|    policy_gradient_loss | -0.0148     |
|    value_loss           | 20          |
-----------------------------------------
-----------------------------------------
| rollout/                |             |
|    ep_len_mean          | 279         |
|    ep_rew_mean          | 143         |
| time/                   |             |
|    fps                  | 1824        |
|    iterations           | 5           |
|    time_elapsed         | 5           |
|    total_timesteps      | 92160       |
| train/                  |             |
|    approx_kl            | 0.015412854 |
|    clip_fraction        | 0.109       |
|    clip_range           | 0.2         |
|    entropy_loss         | -1.42       |
|    explained_variance   | 0.807       |
|    learning_rate        | 0.0003      |
|    loss                 | 7.38        |
|    n_updates            | 440         |
|    policy_gradient_loss | -0.0139     |
|    value_loss           | 14.3        |
-----------------------------------------
-----------------------------------------
| rollout/                |             |
|    ep_len_mean          | 291         |
|    ep_rew_mean          | 143         |
| time/                   |             |
|    fps                  | 1819        |
|    iterations           | 6           |
|    time_elapsed         | 6           |
|    total_timesteps      | 94208       |
| train/                  |             |
|    approx_kl            | 0.012242032 |
|    clip_fraction        | 0.121       |
|    clip_range           | 0.2         |
|    entropy_loss         | -1.55       |
|    explained_variance   | 0.894       |
|    learning_rate        | 0.0003      |
|    loss                 | 5.25        |
|    n_updates            | 450         |
|    policy_gradient_loss | -0.0104     |
|    value_loss           | 16.2        |
-----------------------------------------
-----------------------------------------
| rollout/                |             |
|    ep_len_mean          | 305         |
|    ep_rew_mean          | 138         |
| time/                   |             |
|    fps                  | 1800        |
|    iterations           | 7           |
|    time_elapsed         | 7           |
|    total_timesteps      | 96256       |
| train/                  |             |
|    approx_kl            | 0.008319622 |
|    clip_fraction        | 0.0781      |
|    clip_range           | 0.2         |
|    entropy_loss         | -1.38       |
|    explained_variance   | 0.912       |
|    learning_rate        | 0.0003      |
|    loss                 | 6.29        |
|    n_updates            | 460         |
|    policy_gradient_loss | -0.00715    |
|    value_loss           | 17.4        |
-----------------------------------------
-----------------------------------------
| rollout/                |             |
|    ep_len_mean          | 316         |
|    ep_rew_mean          | 143         |
| time/                   |             |
|    fps                  | 1804        |
|    iterations           | 8           |
|    time_elapsed         | 9           |
|    total_timesteps      | 98304       |
| train/                  |             |
|    approx_kl            | 0.011900153 |
|    clip_fraction        | 0.0779      |
|    clip_range           | 0.2         |
|    entropy_loss         | -1.46       |
|    explained_variance   | 0.926       |
|    learning_rate        | 0.0003      |
|    loss                 | 3.09        |
|    n_updates            | 470         |
|    policy_gradient_loss | -0.013      |
|    value_loss           | 14.7        |
-----------------------------------------
------------------------------------------
| rollout/                |              |
|    ep_len_mean          | 327          |
|    ep_rew_mean          | 143          |
| time/                   |              |
|    fps                  | 1808         |
|    iterations           | 9            |
|    time_elapsed         | 10           |
|    total_timesteps      | 100352       |
| train/                  |              |
|    approx_kl            | 0.0090163555 |
|    clip_fraction        | 0.0437       |
|    clip_range           | 0.2          |
|    entropy_loss         | -1.32        |
|    explained_variance   | 0.897        |
|    learning_rate        | 0.0003       |
|    loss                 | 8.34         |
|    n_updates            | 480          |
|    policy_gradient_loss | -0.00825     |
|    value_loss           | 20.1         |
------------------------------------------
-----------------------------------------
| rollout/                |             |
|    ep_len_mean          | 339         |
|    ep_rew_mean          | 139         |
| time/                   |             |
|    fps                  | 1798        |
|    iterations           | 10          |
|    time_elapsed         | 11          |
|    total_timesteps      | 102400      |
| train/                  |             |
|    approx_kl            | 0.008353442 |
|    clip_fraction        | 0.0806      |
|    clip_range           | 0.2         |
|    entropy_loss         | -1.42       |
|    explained_variance   | 0.949       |
|    learning_rate        | 0.0003      |
|    loss                 | 7.91        |
|    n_updates            | 490         |
|    policy_gradient_loss | -0.00886    |
|    value_loss           | 19.5        |
-----------------------------------------
------------------------------------------
| rollout/                |              |
|    ep_len_mean          | 351          |
|    ep_rew_mean          | 138          |
| time/                   |              |
|    fps                  | 1798         |
|    iterations           | 11           |
|    time_elapsed         | 12           |
|    total_timesteps      | 104448       |
| train/                  |              |
|    approx_kl            | 0.0067554275 |
|    clip_fraction        | 0.0478       |
|    clip_range           | 0.2          |
|    entropy_loss         | -1.59        |
|    explained_variance   | 0.897        |
|    learning_rate        | 0.0003       |
|    loss                 | 3.37         |
|    n_updates            | 500          |
|    policy_gradient_loss | -0.00737     |
|    value_loss           | 19.4         |
------------------------------------------
-----------------------------------------
| rollout/                |             |
|    ep_len_mean          | 360         |
|    ep_rew_mean          | 140         |
| time/                   |             |
|    fps                  | 1800        |
|    iterations           | 12          |
|    time_elapsed         | 13          |
|    total_timesteps      | 106496      |
| train/                  |             |
|    approx_kl            | 0.007892635 |
|    clip_fraction        | 0.0511      |
|    clip_range           | 0.2         |
|    entropy_loss         | -1.46       |
|    explained_variance   | 0.92        |
|    learning_rate        | 0.0003      |
|    loss                 | 7.99        |
|    n_updates            | 510         |
|    policy_gradient_loss | -0.00859    |
|    value_loss           | 22          |
-----------------------------------------
------------------------------------------
| rollout/                |              |
|    ep_len_mean          | 372          |
|    ep_rew_mean          | 142          |
| time/                   |              |
|    fps                  | 1798         |
|    iterations           | 13           |
|    time_elapsed         | 14           |
|    total_timesteps      | 108544       |
| train/                  |              |
|    approx_kl            | 0.0064208256 |
|    clip_fraction        | 0.0643       |
|    clip_range           | 0.2          |
|    entropy_loss         | -1.4         |
|    explained_variance   | 0.785        |
|    learning_rate        | 0.0003       |
|    loss                 | 41           |
|    n_updates            | 520          |
|    policy_gradient_loss | -0.00685     |
|    value_loss           | 85.2         |
------------------------------------------
-----------------------------------------
| rollout/                |             |
|    ep_len_mean          | 385         |
|    ep_rew_mean          | 139         |
| time/                   |             |
|    fps                  | 1793        |
|    iterations           | 14          |
|    time_elapsed         | 15          |
|    total_timesteps      | 110592      |
| train/                  |             |
|    approx_kl            | 0.008361099 |
|    clip_fraction        | 0.0655      |
|    clip_range           | 0.2         |
|    entropy_loss         | -1.37       |
|    explained_variance   | 0.949       |
|    learning_rate        | 0.0003      |
|    loss                 | 8.83        |
|    n_updates            | 530         |
|    policy_gradient_loss | -0.00873    |
|    value_loss           | 20.1        |
-----------------------------------------
------------------------------------------
| rollout/                |              |
|    ep_len_mean          | 398          |
|    ep_rew_mean          | 137          |
| time/                   |              |
|    fps                  | 1793         |
|    iterations           | 15           |
|    time_elapsed         | 17           |
|    total_timesteps      | 112640       |
| train/                  |              |
|    approx_kl            | 0.0061024893 |
|    clip_fraction        | 0.04         |
|    clip_range           | 0.2          |
|    entropy_loss         | -1.55        |
|    explained_variance   | 0.85         |
|    learning_rate        | 0.0003       |
|    loss                 | 19.6         |
|    n_updates            | 540          |
|    policy_gradient_loss | -0.00921     |
|    value_loss           | 65.1         |
------------------------------------------
------------------------------------------
| rollout/                |              |
|    ep_len_mean          | 408          |
|    ep_rew_mean          | 140          |
| time/                   |              |
|    fps                  | 1787         |
|    iterations           | 16           |
|    time_elapsed         | 18           |
|    total_timesteps      | 114688       |
| train/                  |              |
|    approx_kl            | 0.0055451454 |
|    clip_fraction        | 0.0652       |
|    clip_range           | 0.2          |
|    entropy_loss         | -1.47        |
|    explained_variance   | 0.94         |
|    learning_rate        | 0.0003       |
|    loss                 | 7.68         |
|    n_updates            | 550          |
|    policy_gradient_loss | -0.00726     |
|    value_loss           | 24.6         |
------------------------------------------
------------------------------------------
| rollout/                |              |
|    ep_len_mean          | 420          |
|    ep_rew_mean          | 139          |
| time/                   |              |
|    fps                  | 1788         |
|    iterations           | 17           |
|    time_elapsed         | 19           |
|    total_timesteps      | 116736       |
| train/                  |              |
|    approx_kl            | 0.0055481694 |
|    clip_fraction        | 0.064        |
|    clip_range           | 0.2          |
|    entropy_loss         | -1.39        |
|    explained_variance   | 0.758        |
|    learning_rate        | 0.0003       |
|    loss                 | 67.3         |
|    n_updates            | 560          |
|    policy_gradient_loss | -0.00708     |
|    value_loss           | 118          |
------------------------------------------
------------------------------------------
| rollout/                |              |
|    ep_len_mean          | 431          |
|    ep_rew_mean          | 145          |
| time/                   |              |
|    fps                  | 1778         |
|    iterations           | 18           |
|    time_elapsed         | 20           |
|    total_timesteps      | 118784       |
| train/                  |              |
|    approx_kl            | 0.0057334946 |
|    clip_fraction        | 0.0455       |
|    clip_range           | 0.2          |
|    entropy_loss         | -1.38        |
|    explained_variance   | 0.872        |
|    learning_rate        | 0.0003       |
|    loss                 | 28.3         |
|    n_updates            | 570          |
|    policy_gradient_loss | -0.0106      |
|    value_loss           | 63.3         |
------------------------------------------
------------------------------------------
| rollout/                |              |
|    ep_len_mean          | 440          |
|    ep_rew_mean          | 148          |
| time/                   |              |
|    fps                  | 1764         |
|    iterations           | 19           |
|    time_elapsed         | 22           |
|    total_timesteps      | 120832       |
| train/                  |              |
|    approx_kl            | 0.0059892475 |
|    clip_fraction        | 0.0431       |
|    clip_range           | 0.2          |
|    entropy_loss         | -1.44        |
|    explained_variance   | 0.781        |
|    learning_rate        | 0.0003       |
|    loss                 | 24           |
|    n_updates            | 580          |
|    policy_gradient_loss | -0.00969     |
|    value_loss           | 137          |
------------------------------------------
-----------------------------------------
| rollout/                |             |
|    ep_len_mean          | 452         |
|    ep_rew_mean          | 148         |
| time/                   |             |
|    fps                  | 1761        |
|    iterations           | 20          |
|    time_elapsed         | 23          |
|    total_timesteps      | 122880      |
| train/                  |             |
|    approx_kl            | 0.007667071 |
|    clip_fraction        | 0.0658      |
|    clip_range           | 0.2         |
|    entropy_loss         | -1.46       |
|    explained_variance   | 0.855       |
|    learning_rate        | 0.0003      |
|    loss                 | 24.8        |
|    n_updates            | 590         |
|    policy_gradient_loss | -0.00836    |
|    value_loss           | 59.4        |
-----------------------------------------
----------------------------------------
| rollout/                |            |
|    ep_len_mean          | 460        |
|    ep_rew_mean          | 154        |
| time/                   |            |
|    fps                  | 1759       |
|    iterations           | 21         |
|    time_elapsed         | 24         |
|    total_timesteps      | 124928     |
| train/                  |            |
|    approx_kl            | 0.00898917 |
|    clip_fraction        | 0.0817     |
|    clip_range           | 0.2        |
|    entropy_loss         | -1.37      |
|    explained_variance   | 0.833      |
|    learning_rate        | 0.0003     |
|    loss                 | 97.5       |
|    n_updates            | 600        |
|    policy_gradient_loss | -0.0145    |
|    value_loss           | 136        |
----------------------------------------
------------------------------------------
| rollout/                |              |
|    ep_len_mean          | 469          |
|    ep_rew_mean          | 156          |
| time/                   |              |
|    fps                  | 1755         |
|    iterations           | 22           |
|    time_elapsed         | 25           |
|    total_timesteps      | 126976       |
| train/                  |              |
|    approx_kl            | 0.0061717937 |
|    clip_fraction        | 0.0333       |
|    clip_range           | 0.2          |
|    entropy_loss         | -1.41        |
|    explained_variance   | 0.793        |
|    learning_rate        | 0.0003       |
|    loss                 | 51.8         |
|    n_updates            | 610          |
|    policy_gradient_loss | -0.0114      |
|    value_loss           | 118          |
------------------------------------------
------------------------------------------
| rollout/                |              |
|    ep_len_mean          | 480          |
|    ep_rew_mean          | 160          |
| time/                   |              |
|    fps                  | 1750         |
|    iterations           | 23           |
|    time_elapsed         | 26           |
|    total_timesteps      | 129024       |
| train/                  |              |
|    approx_kl            | 0.0054720035 |
|    clip_fraction        | 0.0441       |
|    clip_range           | 0.2          |
|    entropy_loss         | -1.52        |
|    explained_variance   | 0.889        |
|    learning_rate        | 0.0003       |
|    loss                 | 20.6         |
|    n_updates            | 620          |
|    policy_gradient_loss | -0.0106      |
|    value_loss           | 50.7         |
------------------------------------------
------------------------------------------
| rollout/                |              |
|    ep_len_mean          | 487          |
|    ep_rew_mean          | 162          |
| time/                   |              |
|    fps                  | 1750         |
|    iterations           | 24           |
|    time_elapsed         | 28           |
|    total_timesteps      | 131072       |
| train/                  |              |
|    approx_kl            | 0.0070787696 |
|    clip_fraction        | 0.0649       |
|    clip_range           | 0.2          |
|    entropy_loss         | -1.43        |
|    explained_variance   | 0.922        |
|    learning_rate        | 0.0003       |
|    loss                 | 21.6         |
|    n_updates            | 630          |
|    policy_gradient_loss | -0.00954     |
|    value_loss           | 51.8         |
------------------------------------------
------------------------------------------
| rollout/                |              |
|    ep_len_mean          | 481          |
|    ep_rew_mean          | 166          |
| time/                   |              |
|    fps                  | 1749         |
|    iterations           | 25           |
|    time_elapsed         | 29           |
|    total_timesteps      | 133120       |
| train/                  |              |
|    approx_kl            | 0.0052686627 |
|    clip_fraction        | 0.0248       |
|    clip_range           | 0.2          |
|    entropy_loss         | -1.44        |
|    explained_variance   | 0.858        |
|    learning_rate        | 0.0003       |
|    loss                 | 33.4         |
|    n_updates            | 640          |
|    policy_gradient_loss | -0.0117      |
|    value_loss           | 102          |
------------------------------------------
 100% ━━━━━━━━━━━━━━━━━━━━━━━━ 51,200/50,000  [ 0:00:28 < 0:00:00 , 1,743 it/s ]

  [eval @ 50,000] success=12.5% (2/16)
---------------------------------
| rollout/           |          |
|    ep_len_mean     | 479      |
|    ep_rew_mean     | 167      |
| time/              |          |
|    fps             | 1692     |
|    iterations      | 1        |
|    time_elapsed    | 1        |
|    total_timesteps | 135168   |
---------------------------------
-----------------------------------------
| rollout/                |             |
|    ep_len_mean          | 475         |
|    ep_rew_mean          | 168         |
| time/                   |             |
|    fps                  | 1709        |
|    iterations           | 2           |
|    time_elapsed         | 2           |
|    total_timesteps      | 137216      |
| train/                  |             |
|    approx_kl            | 0.005895215 |
|    clip_fraction        | 0.0383      |
|    clip_range           | 0.2         |
|    entropy_loss         | -1.39       |
|    explained_variance   | 0.927       |
|    learning_rate        | 0.0003      |
|    loss                 | 18.4        |
|    n_updates            | 660         |
|    policy_gradient_loss | -0.00994    |
|    value_loss           | 55.8        |
-----------------------------------------
-----------------------------------------
| rollout/                |             |
|    ep_len_mean          | 466         |
|    ep_rew_mean          | 176         |
| time/                   |             |
|    fps                  | 1733        |
|    iterations           | 3           |
|    time_elapsed         | 3           |
|    total_timesteps      | 139264      |
| train/                  |             |
|    approx_kl            | 0.008713076 |
|    clip_fraction        | 0.0771      |
|    clip_range           | 0.2         |
|    entropy_loss         | -1.38       |
|    explained_variance   | 0.908       |
|    learning_rate        | 0.0003      |
|    loss                 | 61          |
|    n_updates            | 670         |
|    policy_gradient_loss | -0.0115     |
|    value_loss           | 77.3        |
-----------------------------------------
------------------------------------------
| rollout/                |              |
|    ep_len_mean          | 458          |
|    ep_rew_mean          | 182          |
| time/                   |              |
|    fps                  | 1735         |
|    iterations           | 4            |
|    time_elapsed         | 4            |
|    total_timesteps      | 141312       |
| train/                  |              |
|    approx_kl            | 0.0055986037 |
|    clip_fraction        | 0.0361       |
|    clip_range           | 0.2          |
|    entropy_loss         | -1.09        |
|    explained_variance   | 0.852        |
|    learning_rate        | 0.0003       |
|    loss                 | 23.4         |
|    n_updates            | 680          |
|    policy_gradient_loss | -0.00848     |
|    value_loss           | 130          |
------------------------------------------
------------------------------------------
| rollout/                |              |
|    ep_len_mean          | 452          |
|    ep_rew_mean          | 186          |
| time/                   |              |
|    fps                  | 1740         |
|    iterations           | 5            |
|    time_elapsed         | 5            |
|    total_timesteps      | 143360       |
| train/                  |              |
|    approx_kl            | 0.0053801304 |
|    clip_fraction        | 0.0538       |
|    clip_range           | 0.2          |
|    entropy_loss         | -1.23        |
|    explained_variance   | 0.867        |
|    learning_rate        | 0.0003       |
|    loss                 | 20           |
|    n_updates            | 690          |
|    policy_gradient_loss | -0.00804     |
|    value_loss           | 109          |
------------------------------------------
------------------------------------------
| rollout/                |              |
|    ep_len_mean          | 447          |
|    ep_rew_mean          | 187          |
| time/                   |              |
|    fps                  | 1738         |
|    iterations           | 6            |
|    time_elapsed         | 7            |
|    total_timesteps      | 145408       |
| train/                  |              |
|    approx_kl            | 0.0042577116 |
|    clip_fraction        | 0.024        |
|    clip_range           | 0.2          |
|    entropy_loss         | -1.18        |
|    explained_variance   | 0.89         |
|    learning_rate        | 0.0003       |
|    loss                 | 24.6         |
|    n_updates            | 700          |
|    policy_gradient_loss | -0.0093      |
|    value_loss           | 112          |
------------------------------------------
-----------------------------------------
| rollout/                |             |
|    ep_len_mean          | 443         |
|    ep_rew_mean          | 194         |
| time/                   |             |
|    fps                  | 1739        |
|    iterations           | 7           |
|    time_elapsed         | 8           |
|    total_timesteps      | 147456      |
| train/                  |             |
|    approx_kl            | 0.009584118 |
|    clip_fraction        | 0.102       |
|    clip_range           | 0.2         |
|    entropy_loss         | -1.33       |
|    explained_variance   | 0.91        |
|    learning_rate        | 0.0003      |
|    loss                 | 38.7        |
|    n_updates            | 710         |
|    policy_gradient_loss | -0.00917    |
|    value_loss           | 80.1        |
-----------------------------------------
------------------------------------------
| rollout/                |              |
|    ep_len_mean          | 438          |
|    ep_rew_mean          | 196          |
| time/                   |              |
|    fps                  | 1737         |
|    iterations           | 8            |
|    time_elapsed         | 9            |
|    total_timesteps      | 149504       |
| train/                  |              |
|    approx_kl            | 0.0060490686 |
|    clip_fraction        | 0.0554       |
|    clip_range           | 0.2          |
|    entropy_loss         | -1.28        |
|    explained_variance   | 0.925        |
|    learning_rate        | 0.0003       |
|    loss                 | 28.4         |
|    n_updates            | 720          |
|    policy_gradient_loss | -0.0096      |
|    value_loss           | 69.8         |
------------------------------------------
------------------------------------------
| rollout/                |              |
|    ep_len_mean          | 436          |
|    ep_rew_mean          | 197          |
| time/                   |              |
|    fps                  | 1739         |
|    iterations           | 9            |
|    time_elapsed         | 10           |
|    total_timesteps      | 151552       |
| train/                  |              |
|    approx_kl            | 0.0069542928 |
|    clip_fraction        | 0.0424       |
|    clip_range           | 0.2          |
|    entropy_loss         | -1.32        |
|    explained_variance   | 0.887        |
|    learning_rate        | 0.0003       |
|    loss                 | 37.3         |
|    n_updates            | 730          |
|    policy_gradient_loss | -0.00799     |
|    value_loss           | 80.9         |
------------------------------------------
------------------------------------------
| rollout/                |              |
|    ep_len_mean          | 431          |
|    ep_rew_mean          | 200          |
| time/                   |              |
|    fps                  | 1736         |
|    iterations           | 10           |
|    time_elapsed         | 11           |
|    total_timesteps      | 153600       |
| train/                  |              |
|    approx_kl            | 0.0047452003 |
|    clip_fraction        | 0.0449       |
|    clip_range           | 0.2          |
|    entropy_loss         | -1.31        |
|    explained_variance   | 0.885        |
|    learning_rate        | 0.0003       |
|    loss                 | 29.6         |
|    n_updates            | 740          |
|    policy_gradient_loss | -0.0118      |
|    value_loss           | 93.1         |
------------------------------------------
-----------------------------------------
| rollout/                |             |
|    ep_len_mean          | 426         |
|    ep_rew_mean          | 204         |
| time/                   |             |
|    fps                  | 1729        |
|    iterations           | 11          |
|    time_elapsed         | 13          |
|    total_timesteps      | 155648      |
| train/                  |             |
|    approx_kl            | 0.009993479 |
|    clip_fraction        | 0.0992      |
|    clip_range           | 0.2         |
|    entropy_loss         | -1.32       |
|    explained_variance   | 0.911       |
|    learning_rate        | 0.0003      |
|    loss                 | 36.5        |
|    n_updates            | 750         |
|    policy_gradient_loss | -0.0103     |
|    value_loss           | 77.3        |
-----------------------------------------
-----------------------------------------
| rollout/                |             |
|    ep_len_mean          | 425         |
|    ep_rew_mean          | 200         |
| time/                   |             |
|    fps                  | 1728        |
|    iterations           | 12          |
|    time_elapsed         | 14          |
|    total_timesteps      | 157696      |
| train/                  |             |
|    approx_kl            | 0.003916199 |
|    clip_fraction        | 0.0189      |
|    clip_range           | 0.2         |
|    entropy_loss         | -1.2        |
|    explained_variance   | 0.918       |
|    learning_rate        | 0.0003      |
|    loss                 | 35.1        |
|    n_updates            | 760         |
|    policy_gradient_loss | -0.00714    |
|    value_loss           | 94.4        |
-----------------------------------------
-----------------------------------------
| rollout/                |             |
|    ep_len_mean          | 420         |
|    ep_rew_mean          | 203         |
| time/                   |             |
|    fps                  | 1732        |
|    iterations           | 13          |
|    time_elapsed         | 15          |
|    total_timesteps      | 159744      |
| train/                  |             |
|    approx_kl            | 0.021824442 |
|    clip_fraction        | 0.22        |
|    clip_range           | 0.2         |
|    entropy_loss         | -1.38       |
|    explained_variance   | 0.924       |
|    learning_rate        | 0.0003      |
|    loss                 | 18.3        |
|    n_updates            | 770         |
|    policy_gradient_loss | -0.0141     |
|    value_loss           | 47          |
-----------------------------------------
-----------------------------------------
| rollout/                |             |
|    ep_len_mean          | 410         |
|    ep_rew_mean          | 209         |
| time/                   |             |
|    fps                  | 1734        |
|    iterations           | 14          |
|    time_elapsed         | 16          |
|    total_timesteps      | 161792      |
| train/                  |             |
|    approx_kl            | 0.005036382 |
|    clip_fraction        | 0.0235      |
|    clip_range           | 0.2         |
|    entropy_loss         | -1.21       |
|    explained_variance   | 0.93        |
|    learning_rate        | 0.0003      |
|    loss                 | 35.6        |
|    n_updates            | 780         |
|    policy_gradient_loss | -0.00894    |
|    value_loss           | 87.1        |
-----------------------------------------
------------------------------------------
| rollout/                |              |
|    ep_len_mean          | 411          |
|    ep_rew_mean          | 206          |
| time/                   |              |
|    fps                  | 1733         |
|    iterations           | 15           |
|    time_elapsed         | 17           |
|    total_timesteps      | 163840       |
| train/                  |              |
|    approx_kl            | 0.0049774833 |
|    clip_fraction        | 0.0389       |
|    clip_range           | 0.2          |
|    entropy_loss         | -1.01        |
|    explained_variance   | 0.894        |
|    learning_rate        | 0.0003       |
|    loss                 | 71.7         |
|    n_updates            | 790          |
|    policy_gradient_loss | -0.0108      |
|    value_loss           | 107          |
------------------------------------------
-----------------------------------------
| rollout/                |             |
|    ep_len_mean          | 413         |
|    ep_rew_mean          | 204         |
| time/                   |             |
|    fps                  | 1733        |
|    iterations           | 16          |
|    time_elapsed         | 18          |
|    total_timesteps      | 165888      |
| train/                  |             |
|    approx_kl            | 0.013350824 |
|    clip_fraction        | 0.116       |
|    clip_range           | 0.2         |
|    entropy_loss         | -1.44       |
|    explained_variance   | 0.929       |
|    learning_rate        | 0.0003      |
|    loss                 | 16.9        |
|    n_updates            | 800         |
|    policy_gradient_loss | -0.00828    |
|    value_loss           | 48.5        |
-----------------------------------------
-----------------------------------------
| rollout/                |             |
|    ep_len_mean          | 411         |
|    ep_rew_mean          | 205         |
| time/                   |             |
|    fps                  | 1733        |
|    iterations           | 17          |
|    time_elapsed         | 20          |
|    total_timesteps      | 167936      |
| train/                  |             |
|    approx_kl            | 0.007518623 |
|    clip_fraction        | 0.0958      |
|    clip_range           | 0.2         |
|    entropy_loss         | -1.27       |
|    explained_variance   | 0.923       |
|    learning_rate        | 0.0003      |
|    loss                 | 40.1        |
|    n_updates            | 810         |
|    policy_gradient_loss | -0.0127     |
|    value_loss           | 61.8        |
-----------------------------------------
-----------------------------------------
| rollout/                |             |
|    ep_len_mean          | 404         |
|    ep_rew_mean          | 211         |
| time/                   |             |
|    fps                  | 1733        |
|    iterations           | 18          |
|    time_elapsed         | 21          |
|    total_timesteps      | 169984      |
| train/                  |             |
|    approx_kl            | 0.007826296 |
|    clip_fraction        | 0.0563      |
|    clip_range           | 0.2         |
|    entropy_loss         | -1.21       |
|    explained_variance   | 0.915       |
|    learning_rate        | 0.0003      |
|    loss                 | 26.9        |
|    n_updates            | 820         |
|    policy_gradient_loss | -0.00767    |
|    value_loss           | 62.5        |
-----------------------------------------
-----------------------------------------
| rollout/                |             |
|    ep_len_mean          | 406         |
|    ep_rew_mean          | 208         |
| time/                   |             |
|    fps                  | 1733        |
|    iterations           | 19          |
|    time_elapsed         | 22          |
|    total_timesteps      | 172032      |
| train/                  |             |
|    approx_kl            | 0.006543507 |
|    clip_fraction        | 0.0579      |
|    clip_range           | 0.2         |
|    entropy_loss         | -1.16       |
|    explained_variance   | 0.916       |
|    learning_rate        | 0.0003      |
|    loss                 | 49.8        |
|    n_updates            | 830         |
|    policy_gradient_loss | -0.00914    |
|    value_loss           | 98.8        |
-----------------------------------------
------------------------------------------
| rollout/                |              |
|    ep_len_mean          | 400          |
|    ep_rew_mean          | 213          |
| time/                   |              |
|    fps                  | 1734         |
|    iterations           | 20           |
|    time_elapsed         | 23           |
|    total_timesteps      | 174080       |
| train/                  |              |
|    approx_kl            | 0.0069468813 |
|    clip_fraction        | 0.0765       |
|    clip_range           | 0.2          |
|    entropy_loss         | -1.29        |
|    explained_variance   | 0.955        |
|    learning_rate        | 0.0003       |
|    loss                 | 14.4         |
|    n_updates            | 840          |
|    policy_gradient_loss | -0.00986     |
|    value_loss           | 38.6         |
------------------------------------------
------------------------------------------
| rollout/                |              |
|    ep_len_mean          | 397          |
|    ep_rew_mean          | 217          |
| time/                   |              |
|    fps                  | 1733         |
|    iterations           | 21           |
|    time_elapsed         | 24           |
|    total_timesteps      | 176128       |
| train/                  |              |
|    approx_kl            | 0.0046406933 |
|    clip_fraction        | 0.0314       |
|    clip_range           | 0.2          |
|    entropy_loss         | -1           |
|    explained_variance   | 0.903        |
|    learning_rate        | 0.0003       |
|    loss                 | 38.2         |
|    n_updates            | 850          |
|    policy_gradient_loss | -0.00652     |
|    value_loss           | 115          |
------------------------------------------
-----------------------------------------
| rollout/                |             |
|    ep_len_mean          | 401         |
|    ep_rew_mean          | 213         |
| time/                   |             |
|    fps                  | 1733        |
|    iterations           | 22          |
|    time_elapsed         | 25          |
|    total_timesteps      | 178176      |
| train/                  |             |
|    approx_kl            | 0.008577475 |
|    clip_fraction        | 0.0782      |
|    clip_range           | 0.2         |
|    entropy_loss         | -1.24       |
|    explained_variance   | 0.946       |
|    learning_rate        | 0.0003      |
|    loss                 | 37.9        |
|    n_updates            | 860         |
|    policy_gradient_loss | -0.00743    |
|    value_loss           | 61.8        |
-----------------------------------------
-----------------------------------------
| rollout/                |             |
|    ep_len_mean          | 402         |
|    ep_rew_mean          | 211         |
| time/                   |             |
|    fps                  | 1732        |
|    iterations           | 23          |
|    time_elapsed         | 27          |
|    total_timesteps      | 180224      |
| train/                  |             |
|    approx_kl            | 0.008631374 |
|    clip_fraction        | 0.0883      |
|    clip_range           | 0.2         |
|    entropy_loss         | -1.19       |
|    explained_variance   | 0.946       |
|    learning_rate        | 0.0003      |
|    loss                 | 28.1        |
|    n_updates            | 870         |
|    policy_gradient_loss | -0.00861    |
|    value_loss           | 56.1        |
-----------------------------------------
-----------------------------------------
| rollout/                |             |
|    ep_len_mean          | 406         |
|    ep_rew_mean          | 205         |
| time/                   |             |
|    fps                  | 1731        |
|    iterations           | 24          |
|    time_elapsed         | 28          |
|    total_timesteps      | 182272      |
| train/                  |             |
|    approx_kl            | 0.007462163 |
|    clip_fraction        | 0.0504      |
|    clip_range           | 0.2         |
|    entropy_loss         | -1.21       |
|    explained_variance   | 0.952       |
|    learning_rate        | 0.0003      |
|    loss                 | 28.7        |
|    n_updates            | 880         |
|    policy_gradient_loss | -0.00803    |
|    value_loss           | 51.4        |
-----------------------------------------
-----------------------------------------
| rollout/                |             |
|    ep_len_mean          | 404         |
|    ep_rew_mean          | 204         |
| time/                   |             |
|    fps                  | 1726        |
|    iterations           | 25          |
|    time_elapsed         | 29          |
|    total_timesteps      | 184320      |
| train/                  |             |
|    approx_kl            | 0.013889566 |
|    clip_fraction        | 0.0796      |
|    clip_range           | 0.2         |
|    entropy_loss         | -1.4        |
|    explained_variance   | 0.872       |
|    learning_rate        | 0.0003      |
|    loss                 | 11          |
|    n_updates            | 890         |
|    policy_gradient_loss | -0.00721    |
|    value_loss           | 25.2        |
-----------------------------------------
 100% ━━━━━━━━━━━━━━━━━━━━━━━━ 51,200/50,000  [ 0:00:28 < 0:00:00 , 1,719 it/s ]

  [eval @ 100,000] success=0.0% (0/16)
  [eval final] success=0.0%
[PPO-Random] 阶段 random_192 完成，耗时 66.9s

[PPO-Random] 生成训练地图池 14 张 …
  完成，耗时 540.7s | 示例障碍占比 21.4%

============================================================
[PPO-Random] 阶段 3/4 | random_384
  规模: 384×384 | 训练池: 14 | 留出评测: 6
  train steps: 120,000 | max_episode_steps: 1100
============================================================
---------------------------------
| rollout/           |          |
|    ep_len_mean     | 413      |
|    ep_rew_mean     | 204      |
| time/              |          |
|    fps             | 1862     |
|    iterations      | 1        |
|    time_elapsed    | 1        |
|    total_timesteps | 186368   |
---------------------------------
------------------------------------------
| rollout/                |              |
|    ep_len_mean          | 424          |
|    ep_rew_mean          | 205          |
| time/                   |              |
|    fps                  | 1780         |
|    iterations           | 2            |
|    time_elapsed         | 2            |
|    total_timesteps      | 188416       |
| train/                  |              |
|    approx_kl            | 0.0081370305 |
|    clip_fraction        | 0.0744       |
|    clip_range           | 0.2          |
|    entropy_loss         | -1.18        |
|    explained_variance   | 0.899        |
|    learning_rate        | 0.0003       |
|    loss                 | 7.93         |
|    n_updates            | 910          |
|    policy_gradient_loss | -0.0078      |
|    value_loss           | 72.5         |
------------------------------------------
-----------------------------------------
| rollout/                |             |
|    ep_len_mean          | 440         |
|    ep_rew_mean          | 203         |
| time/                   |             |
|    fps                  | 1758        |
|    iterations           | 3           |
|    time_elapsed         | 3           |
|    total_timesteps      | 190464      |
| train/                  |             |
|    approx_kl            | 0.013428377 |
|    clip_fraction        | 0.121       |
|    clip_range           | 0.2         |
|    entropy_loss         | -1.45       |
|    explained_variance   | 0.937       |
|    learning_rate        | 0.0003      |
|    loss                 | 8           |
|    n_updates            | 920         |
|    policy_gradient_loss | -0.00558    |
|    value_loss           | 18.2        |
-----------------------------------------
----------------------------------------
| rollout/                |            |
|    ep_len_mean          | 454        |
|    ep_rew_mean          | 206        |
| time/                   |            |
|    fps                  | 1759       |
|    iterations           | 4          |
|    time_elapsed         | 4          |
|    total_timesteps      | 192512     |
| train/                  |            |
|    approx_kl            | 0.01129011 |
|    clip_fraction        | 0.103      |
|    clip_range           | 0.2        |
|    entropy_loss         | -1.2       |
|    explained_variance   | 0.948      |
|    learning_rate        | 0.0003     |
|    loss                 | 14.6       |
|    n_updates            | 930        |
|    policy_gradient_loss | -0.0115    |
|    value_loss           | 31         |
----------------------------------------
-----------------------------------------
| rollout/                |             |
|    ep_len_mean          | 466         |
|    ep_rew_mean          | 206         |
| time/                   |             |
|    fps                  | 1748        |
|    iterations           | 5           |
|    time_elapsed         | 5           |
|    total_timesteps      | 194560      |
| train/                  |             |
|    approx_kl            | 0.007584477 |
|    clip_fraction        | 0.0453      |
|    clip_range           | 0.2         |
|    entropy_loss         | -1.22       |
|    explained_variance   | 0.84        |
|    learning_rate        | 0.0003      |
|    loss                 | 13.3        |
|    n_updates            | 940         |
|    policy_gradient_loss | -0.00634    |
|    value_loss           | 46.4        |
-----------------------------------------
-----------------------------------------
| rollout/                |             |
|    ep_len_mean          | 479         |
|    ep_rew_mean          | 208         |
| time/                   |             |
|    fps                  | 1749        |
|    iterations           | 6           |
|    time_elapsed         | 7           |
|    total_timesteps      | 196608      |
| train/                  |             |
|    approx_kl            | 0.009105684 |
|    clip_fraction        | 0.0902      |
|    clip_range           | 0.2         |
|    entropy_loss         | -1.37       |
|    explained_variance   | 0.955       |
|    learning_rate        | 0.0003      |
|    loss                 | 6.19        |
|    n_updates            | 950         |
|    policy_gradient_loss | -0.00783    |
|    value_loss           | 27.3        |
-----------------------------------------
------------------------------------------
| rollout/                |              |
|    ep_len_mean          | 493          |
|    ep_rew_mean          | 205          |
| time/                   |              |
|    fps                  | 1742         |
|    iterations           | 7            |
|    time_elapsed         | 8            |
|    total_timesteps      | 198656       |
| train/                  |              |
|    approx_kl            | 0.0101352595 |
|    clip_fraction        | 0.075        |
|    clip_range           | 0.2          |
|    entropy_loss         | -1.27        |
|    explained_variance   | 0.929        |
|    learning_rate        | 0.0003       |
|    loss                 | 7.67         |
|    n_updates            | 960          |
|    policy_gradient_loss | -0.00833     |
|    value_loss           | 29.9         |
------------------------------------------
-----------------------------------------
| rollout/                |             |
|    ep_len_mean          | 499         |
|    ep_rew_mean          | 206         |
| time/                   |             |
|    fps                  | 1732        |
|    iterations           | 8           |
|    time_elapsed         | 9           |
|    total_timesteps      | 200704      |
| train/                  |             |
|    approx_kl            | 0.013036725 |
|    clip_fraction        | 0.222       |
|    clip_range           | 0.2         |
|    entropy_loss         | -1.5        |
|    explained_variance   | 0.958       |
|    learning_rate        | 0.0003      |
|    loss                 | 0.72        |
|    n_updates            | 970         |
|    policy_gradient_loss | -0.0136     |
|    value_loss           | 6.55        |
-----------------------------------------
-----------------------------------------
| rollout/                |             |
|    ep_len_mean          | 515         |
|    ep_rew_mean          | 200         |
| time/                   |             |
|    fps                  | 1721        |
|    iterations           | 9           |
|    time_elapsed         | 10          |
|    total_timesteps      | 202752      |
| train/                  |             |
|    approx_kl            | 0.012922091 |
|    clip_fraction        | 0.0902      |
|    clip_range           | 0.2         |
|    entropy_loss         | -1.53       |
|    explained_variance   | 0.913       |
|    learning_rate        | 0.0003      |
|    loss                 | 6.33        |
|    n_updates            | 980         |
|    policy_gradient_loss | -0.00613    |
|    value_loss           | 14.7        |
-----------------------------------------
-----------------------------------------
| rollout/                |             |
|    ep_len_mean          | 527         |
|    ep_rew_mean          | 201         |
| time/                   |             |
|    fps                  | 1713        |
|    iterations           | 10          |
|    time_elapsed         | 11          |
|    total_timesteps      | 204800      |
| train/                  |             |
|    approx_kl            | 0.010227833 |
|    clip_fraction        | 0.0721      |
|    clip_range           | 0.2         |
|    entropy_loss         | -1.46       |
|    explained_variance   | 0.919       |
|    learning_rate        | 0.0003      |
|    loss                 | 10.1        |
|    n_updates            | 990         |
|    policy_gradient_loss | -0.00593    |
|    value_loss           | 22.3        |
-----------------------------------------
-----------------------------------------
| rollout/                |             |
|    ep_len_mean          | 539         |
|    ep_rew_mean          | 202         |
| time/                   |             |
|    fps                  | 1703        |
|    iterations           | 11          |
|    time_elapsed         | 13          |
|    total_timesteps      | 206848      |
| train/                  |             |
|    approx_kl            | 0.013625119 |
|    clip_fraction        | 0.103       |
|    clip_range           | 0.2         |
|    entropy_loss         | -1.42       |
|    explained_variance   | 0.948       |
|    learning_rate        | 0.0003      |
|    loss                 | 8.66        |
|    n_updates            | 1000        |
|    policy_gradient_loss | -0.00705    |
|    value_loss           | 16.9        |
-----------------------------------------
-----------------------------------------
| rollout/                |             |
|    ep_len_mean          | 553         |
|    ep_rew_mean          | 203         |
| time/                   |             |
|    fps                  | 1690        |
|    iterations           | 12          |
|    time_elapsed         | 14          |
|    total_timesteps      | 208896      |
| train/                  |             |
|    approx_kl            | 0.002498068 |
|    clip_fraction        | 0.0498      |
|    clip_range           | 0.2         |
|    entropy_loss         | -1.37       |
|    explained_variance   | 0.925       |
|    learning_rate        | 0.0003      |
|    loss                 | 9.16        |
|    n_updates            | 1010        |
|    policy_gradient_loss | -0.00382    |
|    value_loss           | 26.9        |
-----------------------------------------
-----------------------------------------
| rollout/                |             |
|    ep_len_mean          | 567         |
|    ep_rew_mean          | 202         |
| time/                   |             |
|    fps                  | 1687        |
|    iterations           | 13          |
|    time_elapsed         | 15          |
|    total_timesteps      | 210944      |
| train/                  |             |
|    approx_kl            | 0.017256135 |
|    clip_fraction        | 0.125       |
|    clip_range           | 0.2         |
|    entropy_loss         | -1.36       |
|    explained_variance   | 0.96        |
|    learning_rate        | 0.0003      |
|    loss                 | 6.71        |
|    n_updates            | 1020        |
|    policy_gradient_loss | -0.0083     |
|    value_loss           | 17.8        |
-----------------------------------------
-----------------------------------------
| rollout/                |             |
|    ep_len_mean          | 581         |
|    ep_rew_mean          | 202         |
| time/                   |             |
|    fps                  | 1691        |
|    iterations           | 14          |
|    time_elapsed         | 16          |
|    total_timesteps      | 212992      |
| train/                  |             |
|    approx_kl            | 0.007054897 |
|    clip_fraction        | 0.121       |
|    clip_range           | 0.2         |
|    entropy_loss         | -1.47       |
|    explained_variance   | 0.95        |
|    learning_rate        | 0.0003      |
|    loss                 | 2.43        |
|    n_updates            | 1030        |
|    policy_gradient_loss | -0.00439    |
|    value_loss           | 12.6        |
-----------------------------------------
-----------------------------------------
| rollout/                |             |
|    ep_len_mean          | 589         |
|    ep_rew_mean          | 200         |
| time/                   |             |
|    fps                  | 1693        |
|    iterations           | 15          |
|    time_elapsed         | 18          |
|    total_timesteps      | 215040      |
| train/                  |             |
|    approx_kl            | 0.007194598 |
|    clip_fraction        | 0.105       |
|    clip_range           | 0.2         |
|    entropy_loss         | -1.31       |
|    explained_variance   | 0.87        |
|    learning_rate        | 0.0003      |
|    loss                 | 2.77        |
|    n_updates            | 1040        |
|    policy_gradient_loss | -0.00579    |
|    value_loss           | 16.4        |
-----------------------------------------
-----------------------------------------
| rollout/                |             |
|    ep_len_mean          | 603         |
|    ep_rew_mean          | 198         |
| time/                   |             |
|    fps                  | 1692        |
|    iterations           | 16          |
|    time_elapsed         | 19          |
|    total_timesteps      | 217088      |
| train/                  |             |
|    approx_kl            | 0.008516744 |
|    clip_fraction        | 0.108       |
|    clip_range           | 0.2         |
|    entropy_loss         | -1.47       |
|    explained_variance   | 0.953       |
|    learning_rate        | 0.0003      |
|    loss                 | 4.98        |
|    n_updates            | 1050        |
|    policy_gradient_loss | -0.00453    |
|    value_loss           | 12.4        |
-----------------------------------------
-----------------------------------------
| rollout/                |             |
|    ep_len_mean          | 617         |
|    ep_rew_mean          | 199         |
| time/                   |             |
|    fps                  | 1692        |
|    iterations           | 17          |
|    time_elapsed         | 20          |
|    total_timesteps      | 219136      |
| train/                  |             |
|    approx_kl            | 0.014218664 |
|    clip_fraction        | 0.157       |
|    clip_range           | 0.2         |
|    entropy_loss         | -1.42       |
|    explained_variance   | 0.969       |
|    learning_rate        | 0.0003      |
|    loss                 | 2.88        |
|    n_updates            | 1060        |
|    policy_gradient_loss | -0.0105     |
|    value_loss           | 8.62        |
-----------------------------------------
-----------------------------------------
| rollout/                |             |
|    ep_len_mean          | 629         |
|    ep_rew_mean          | 200         |
| time/                   |             |
|    fps                  | 1688        |
|    iterations           | 18          |
|    time_elapsed         | 21          |
|    total_timesteps      | 221184      |
| train/                  |             |
|    approx_kl            | 0.009328924 |
|    clip_fraction        | 0.0757      |
|    clip_range           | 0.2         |
|    entropy_loss         | -1.37       |
|    explained_variance   | 0.912       |
|    learning_rate        | 0.0003      |
|    loss                 | 15.4        |
|    n_updates            | 1070        |
|    policy_gradient_loss | -0.00506    |
|    value_loss           | 26.3        |
-----------------------------------------
-----------------------------------------
| rollout/                |             |
|    ep_len_mean          | 645         |
|    ep_rew_mean          | 195         |
| time/                   |             |
|    fps                  | 1688        |
|    iterations           | 19          |
|    time_elapsed         | 23          |
|    total_timesteps      | 223232      |
| train/                  |             |
|    approx_kl            | 0.007812157 |
|    clip_fraction        | 0.0797      |
|    clip_range           | 0.2         |
|    entropy_loss         | -1.42       |
|    explained_variance   | 0.974       |
|    learning_rate        | 0.0003      |
|    loss                 | 1.63        |
|    n_updates            | 1080        |
|    policy_gradient_loss | -0.00605    |
|    value_loss           | 5.61        |
-----------------------------------------
------------------------------------------
| rollout/                |              |
|    ep_len_mean          | 659          |
|    ep_rew_mean          | 195          |
| time/                   |              |
|    fps                  | 1687         |
|    iterations           | 20           |
|    time_elapsed         | 24           |
|    total_timesteps      | 225280       |
| train/                  |              |
|    approx_kl            | 0.0064077936 |
|    clip_fraction        | 0.0551       |
|    clip_range           | 0.2          |
|    entropy_loss         | -1.46        |
|    explained_variance   | 0.938        |
|    learning_rate        | 0.0003       |
|    loss                 | 5.1          |
|    n_updates            | 1090         |
|    policy_gradient_loss | -0.00363     |
|    value_loss           | 12.9         |
------------------------------------------
-----------------------------------------
| rollout/                |             |
|    ep_len_mean          | 673         |
|    ep_rew_mean          | 194         |
| time/                   |             |
|    fps                  | 1671        |
|    iterations           | 21          |
|    time_elapsed         | 25          |
|    total_timesteps      | 227328      |
| train/                  |             |
|    approx_kl            | 0.013975525 |
|    clip_fraction        | 0.122       |
|    clip_range           | 0.2         |
|    entropy_loss         | -1.34       |
|    explained_variance   | 0.959       |
|    learning_rate        | 0.0003      |
|    loss                 | 2.61        |
|    n_updates            | 1100        |
|    policy_gradient_loss | -0.00937    |
|    value_loss           | 7.6         |
-----------------------------------------
-----------------------------------------
| rollout/                |             |
|    ep_len_mean          | 679         |
|    ep_rew_mean          | 195         |
| time/                   |             |
|    fps                  | 1664        |
|    iterations           | 22          |
|    time_elapsed         | 27          |
|    total_timesteps      | 229376      |
| train/                  |             |
|    approx_kl            | 0.013074942 |
|    clip_fraction        | 0.157       |
|    clip_range           | 0.2         |
|    entropy_loss         | -1.49       |
|    explained_variance   | 0.954       |
|    learning_rate        | 0.0003      |
|    loss                 | 8.28        |
|    n_updates            | 1110        |
|    policy_gradient_loss | -0.00477    |
|    value_loss           | 10.5        |
-----------------------------------------
------------------------------------------
| rollout/                |              |
|    ep_len_mean          | 695          |
|    ep_rew_mean          | 193          |
| time/                   |              |
|    fps                  | 1662         |
|    iterations           | 23           |
|    time_elapsed         | 28           |
|    total_timesteps      | 231424       |
| train/                  |              |
|    approx_kl            | 0.0063749664 |
|    clip_fraction        | 0.0654       |
|    clip_range           | 0.2          |
|    entropy_loss         | -1.42        |
|    explained_variance   | 0.941        |
|    learning_rate        | 0.0003       |
|    loss                 | 5.11         |
|    n_updates            | 1120         |
|    policy_gradient_loss | -0.00534     |
|    value_loss           | 14.3         |
------------------------------------------
------------------------------------------
| rollout/                |              |
|    ep_len_mean          | 711          |
|    ep_rew_mean          | 190          |
| time/                   |              |
|    fps                  | 1658         |
|    iterations           | 24           |
|    time_elapsed         | 29           |
|    total_timesteps      | 233472       |
| train/                  |              |
|    approx_kl            | 0.0066452264 |
|    clip_fraction        | 0.0722       |
|    clip_range           | 0.2          |
|    entropy_loss         | -1.31        |
|    explained_variance   | 0.955        |
|    learning_rate        | 0.0003       |
|    loss                 | 3.83         |
|    n_updates            | 1130         |
|    policy_gradient_loss | -0.00557     |
|    value_loss           | 17.4         |
------------------------------------------
-----------------------------------------
| rollout/                |             |
|    ep_len_mean          | 725         |
|    ep_rew_mean          | 187         |
| time/                   |             |
|    fps                  | 1657        |
|    iterations           | 25          |
|    time_elapsed         | 30          |
|    total_timesteps      | 235520      |
| train/                  |             |
|    approx_kl            | 0.014241093 |
|    clip_fraction        | 0.113       |
|    clip_range           | 0.2         |
|    entropy_loss         | -1.34       |
|    explained_variance   | 0.904       |
|    learning_rate        | 0.0003      |
|    loss                 | 11.8        |
|    n_updates            | 1140        |
|    policy_gradient_loss | -0.00856    |
|    value_loss           | 24.1        |
-----------------------------------------
-----------------------------------------
| rollout/                |             |
|    ep_len_mean          | 740         |
|    ep_rew_mean          | 184         |
| time/                   |             |
|    fps                  | 1656        |
|    iterations           | 26          |
|    time_elapsed         | 32          |
|    total_timesteps      | 237568      |
| train/                  |             |
|    approx_kl            | 0.009206473 |
|    clip_fraction        | 0.146       |
|    clip_range           | 0.2         |
|    entropy_loss         | -1.52       |
|    explained_variance   | 0.742       |
|    learning_rate        | 0.0003      |
|    loss                 | 1.1         |
|    n_updates            | 1150        |
|    policy_gradient_loss | -0.008      |
|    value_loss           | 7.24        |
-----------------------------------------
-----------------------------------------
| rollout/                |             |
|    ep_len_mean          | 751         |
|    ep_rew_mean          | 187         |
| time/                   |             |
|    fps                  | 1654        |
|    iterations           | 27          |
|    time_elapsed         | 33          |
|    total_timesteps      | 239616      |
| train/                  |             |
|    approx_kl            | 0.014396336 |
|    clip_fraction        | 0.119       |
|    clip_range           | 0.2         |
|    entropy_loss         | -1.51       |
|    explained_variance   | 0.946       |
|    learning_rate        | 0.0003      |
|    loss                 | 4.56        |
|    n_updates            | 1160        |
|    policy_gradient_loss | -0.00805    |
|    value_loss           | 5.26        |
-----------------------------------------
------------------------------------------
| rollout/                |              |
|    ep_len_mean          | 765          |
|    ep_rew_mean          | 183          |
| time/                   |              |
|    fps                  | 1654         |
|    iterations           | 28           |
|    time_elapsed         | 34           |
|    total_timesteps      | 241664       |
| train/                  |              |
|    approx_kl            | 0.0103748385 |
|    clip_fraction        | 0.159        |
|    clip_range           | 0.2          |
|    entropy_loss         | -1.52        |
|    explained_variance   | 0.929        |
|    learning_rate        | 0.0003       |
|    loss                 | 7.12         |
|    n_updates            | 1170         |
|    policy_gradient_loss | -0.00392     |
|    value_loss           | 10.4         |
------------------------------------------
-----------------------------------------
| rollout/                |             |
|    ep_len_mean          | 771         |
|    ep_rew_mean          | 185         |
| time/                   |             |
|    fps                  | 1656        |
|    iterations           | 29          |
|    time_elapsed         | 35          |
|    total_timesteps      | 243712      |
| train/                  |             |
|    approx_kl            | 0.014156439 |
|    clip_fraction        | 0.129       |
|    clip_range           | 0.2         |
|    entropy_loss         | -1.56       |
|    explained_variance   | 0.909       |
|    learning_rate        | 0.0003      |
|    loss                 | 2.8         |
|    n_updates            | 1180        |
|    policy_gradient_loss | -0.00485    |
|    value_loss           | 10.4        |
-----------------------------------------
------------------------------------------
| rollout/                |              |
|    ep_len_mean          | 785          |
|    ep_rew_mean          | 186          |
| time/                   |              |
|    fps                  | 1657         |
|    iterations           | 30           |
|    time_elapsed         | 37           |
|    total_timesteps      | 245760       |
| train/                  |              |
|    approx_kl            | 0.0076683857 |
|    clip_fraction        | 0.0454       |
|    clip_range           | 0.2          |
|    entropy_loss         | -1.26        |
|    explained_variance   | 0.906        |
|    learning_rate        | 0.0003       |
|    loss                 | 3.33         |
|    n_updates            | 1190         |
|    policy_gradient_loss | -0.0108      |
|    value_loss           | 16.6         |
------------------------------------------
 100% ━━━━━━━━━━━━━━━━━━━━━━━━ 61,440/60,000  [ 0:00:36 < 0:00:00 , 1,634 it/s ]

  [eval @ 60,000] success=0.0% (0/12)
---------------------------------
| rollout/           |          |
|    ep_len_mean     | 799      |
|    ep_rew_mean     | 185      |
| time/              |          |
|    fps             | 1839     |
|    iterations      | 1        |
|    time_elapsed    | 1        |
|    total_timesteps | 247808   |
---------------------------------
-----------------------------------------
| rollout/                |             |
|    ep_len_mean          | 813         |
|    ep_rew_mean          | 185         |
| time/                   |             |
|    fps                  | 1755        |
|    iterations           | 2           |
|    time_elapsed         | 2           |
|    total_timesteps      | 249856      |
| train/                  |             |
|    approx_kl            | 0.009253928 |
|    clip_fraction        | 0.0856      |
|    clip_range           | 0.2         |
|    entropy_loss         | -1.6        |
|    explained_variance   | 0.946       |
|    learning_rate        | 0.0003      |
|    loss                 | 3.52        |
|    n_updates            | 1210        |
|    policy_gradient_loss | -0.0053     |
|    value_loss           | 11.3        |
-----------------------------------------
-----------------------------------------
| rollout/                |             |
|    ep_len_mean          | 829         |
|    ep_rew_mean          | 179         |
| time/                   |             |
|    fps                  | 1723        |
|    iterations           | 3           |
|    time_elapsed         | 3           |
|    total_timesteps      | 251904      |
| train/                  |             |
|    approx_kl            | 0.008268068 |
|    clip_fraction        | 0.0854      |
|    clip_range           | 0.2         |
|    entropy_loss         | -1.37       |
|    explained_variance   | 0.947       |
|    learning_rate        | 0.0003      |
|    loss                 | 4.96        |
|    n_updates            | 1220        |
|    policy_gradient_loss | -0.0074     |
|    value_loss           | 13.6        |
-----------------------------------------
-----------------------------------------
| rollout/                |             |
|    ep_len_mean          | 841         |
|    ep_rew_mean          | 183         |
| time/                   |             |
|    fps                  | 1730        |
|    iterations           | 4           |
|    time_elapsed         | 4           |
|    total_timesteps      | 253952      |
| train/                  |             |
|    approx_kl            | 0.010930121 |
|    clip_fraction        | 0.138       |
|    clip_range           | 0.2         |
|    entropy_loss         | -1.56       |
|    explained_variance   | 0.961       |
|    learning_rate        | 0.0003      |
|    loss                 | 1.15        |
|    n_updates            | 1230        |
|    policy_gradient_loss | -0.00536    |
|    value_loss           | 8.68        |
-----------------------------------------
-----------------------------------------
| rollout/                |             |
|    ep_len_mean          | 857         |
|    ep_rew_mean          | 179         |
| time/                   |             |
|    fps                  | 1722        |
|    iterations           | 5           |
|    time_elapsed         | 5           |
|    total_timesteps      | 256000      |
| train/                  |             |
|    approx_kl            | 0.007705394 |
|    clip_fraction        | 0.0425      |
|    clip_range           | 0.2         |
|    entropy_loss         | -1.38       |
|    explained_variance   | 0.928       |
|    learning_rate        | 0.0003      |
|    loss                 | 5.78        |
|    n_updates            | 1240        |
|    policy_gradient_loss | -0.00765    |
|    value_loss           | 18.9        |
-----------------------------------------
-----------------------------------------
| rollout/                |             |
|    ep_len_mean          | 869         |
|    ep_rew_mean          | 182         |
| time/                   |             |
|    fps                  | 1723        |
|    iterations           | 6           |
|    time_elapsed         | 7           |
|    total_timesteps      | 258048      |
| train/                  |             |
|    approx_kl            | 0.006982769 |
|    clip_fraction        | 0.0604      |
|    clip_range           | 0.2         |
|    entropy_loss         | -1.47       |
|    explained_variance   | 0.954       |
|    learning_rate        | 0.0003      |
|    loss                 | 2.77        |
|    n_updates            | 1250        |
|    policy_gradient_loss | -0.00515    |
|    value_loss           | 14          |
-----------------------------------------
------------------------------------------
| rollout/                |              |
|    ep_len_mean          | 877          |
|    ep_rew_mean          | 183          |
| time/                   |              |
|    fps                  | 1722         |
|    iterations           | 7            |
|    time_elapsed         | 8            |
|    total_timesteps      | 260096       |
| train/                  |              |
|    approx_kl            | 0.0051273652 |
|    clip_fraction        | 0.0293       |
|    clip_range           | 0.2          |
|    entropy_loss         | -1.35        |
|    explained_variance   | 0.961        |
|    learning_rate        | 0.0003       |
|    loss                 | 2.42         |
|    n_updates            | 1260         |
|    policy_gradient_loss | -0.00636     |
|    value_loss           | 9.95         |
------------------------------------------
------------------------------------------
| rollout/                |              |
|    ep_len_mean          | 891          |
|    ep_rew_mean          | 181          |
| time/                   |              |
|    fps                  | 1723         |
|    iterations           | 8            |
|    time_elapsed         | 9            |
|    total_timesteps      | 262144       |
| train/                  |              |
|    approx_kl            | 0.0050992686 |
|    clip_fraction        | 0.0168       |
|    clip_range           | 0.2          |
|    entropy_loss         | -1.24        |
|    explained_variance   | 0.923        |
|    learning_rate        | 0.0003       |
|    loss                 | 12           |
|    n_updates            | 1270         |
|    policy_gradient_loss | -0.00623     |
|    value_loss           | 26.4         |
------------------------------------------
-----------------------------------------
| rollout/                |             |
|    ep_len_mean          | 908         |
|    ep_rew_mean          | 181         |
| time/                   |             |
|    fps                  | 1720        |
|    iterations           | 9           |
|    time_elapsed         | 10          |
|    total_timesteps      | 264192      |
| train/                  |             |
|    approx_kl            | 0.008458587 |
|    clip_fraction        | 0.0823      |
|    clip_range           | 0.2         |
|    entropy_loss         | -1.24       |
|    explained_variance   | 0.97        |
|    learning_rate        | 0.0003      |
|    loss                 | 2.89        |
|    n_updates            | 1280        |
|    policy_gradient_loss | -0.00634    |
|    value_loss           | 13.8        |
-----------------------------------------
-----------------------------------------
| rollout/                |             |
|    ep_len_mean          | 924         |
|    ep_rew_mean          | 178         |
| time/                   |             |
|    fps                  | 1717        |
|    iterations           | 10          |
|    time_elapsed         | 11          |
|    total_timesteps      | 266240      |
| train/                  |             |
|    approx_kl            | 0.010287726 |
|    clip_fraction        | 0.11        |
|    clip_range           | 0.2         |
|    entropy_loss         | -1.32       |
|    explained_variance   | 0.97        |
|    learning_rate        | 0.0003      |
|    loss                 | 6.7         |
|    n_updates            | 1290        |
|    policy_gradient_loss | -0.00634    |
|    value_loss           | 16.8        |
-----------------------------------------
-----------------------------------------
| rollout/                |             |
|    ep_len_mean          | 938         |
|    ep_rew_mean          | 177         |
| time/                   |             |
|    fps                  | 1712        |
|    iterations           | 11          |
|    time_elapsed         | 13          |
|    total_timesteps      | 268288      |
| train/                  |             |
|    approx_kl            | 0.008464923 |
|    clip_fraction        | 0.112       |
|    clip_range           | 0.2         |
|    entropy_loss         | -1.47       |
|    explained_variance   | 0.957       |
|    learning_rate        | 0.0003      |
|    loss                 | 9.04        |
|    n_updates            | 1300        |
|    policy_gradient_loss | -0.00627    |
|    value_loss           | 18.8        |
-----------------------------------------
-----------------------------------------
| rollout/                |             |
|    ep_len_mean          | 952         |
|    ep_rew_mean          | 177         |
| time/                   |             |
|    fps                  | 1715        |
|    iterations           | 12          |
|    time_elapsed         | 14          |
|    total_timesteps      | 270336      |
| train/                  |             |
|    approx_kl            | 0.008471861 |
|    clip_fraction        | 0.0388      |
|    clip_range           | 0.2         |
|    entropy_loss         | -1.35       |
|    explained_variance   | 0.978       |
|    learning_rate        | 0.0003      |
|    loss                 | 3.21        |
|    n_updates            | 1310        |
|    policy_gradient_loss | -0.00697    |
|    value_loss           | 10.3        |
-----------------------------------------
-----------------------------------------
| rollout/                |             |
|    ep_len_mean          | 966         |
|    ep_rew_mean          | 177         |
| time/                   |             |
|    fps                  | 1718        |
|    iterations           | 13          |
|    time_elapsed         | 15          |
|    total_timesteps      | 272384      |
| train/                  |             |
|    approx_kl            | 0.005869473 |
|    clip_fraction        | 0.0364      |
|    clip_range           | 0.2         |
|    entropy_loss         | -1.4        |
|    explained_variance   | 0.924       |
|    learning_rate        | 0.0003      |
|    loss                 | 5.88        |
|    n_updates            | 1320        |
|    policy_gradient_loss | -0.0071     |
|    value_loss           | 14.7        |
-----------------------------------------
-----------------------------------------
| rollout/                |             |
|    ep_len_mean          | 972         |
|    ep_rew_mean          | 179         |
| time/                   |             |
|    fps                  | 1715        |
|    iterations           | 14          |
|    time_elapsed         | 16          |
|    total_timesteps      | 274432      |
| train/                  |             |
|    approx_kl            | 0.005198548 |
|    clip_fraction        | 0.04        |
|    clip_range           | 0.2         |
|    entropy_loss         | -1.31       |
|    explained_variance   | 0.976       |
|    learning_rate        | 0.0003      |
|    loss                 | 2.58        |
|    n_updates            | 1330        |
|    policy_gradient_loss | -0.00556    |
|    value_loss           | 6.8         |
-----------------------------------------
------------------------------------------
| rollout/                |              |
|    ep_len_mean          | 986          |
|    ep_rew_mean          | 178          |
| time/                   |              |
|    fps                  | 1709         |
|    iterations           | 15           |
|    time_elapsed         | 17           |
|    total_timesteps      | 276480       |
| train/                  |              |
|    approx_kl            | 0.0087908385 |
|    clip_fraction        | 0.057        |
|    clip_range           | 0.2          |
|    entropy_loss         | -1.32        |
|    explained_variance   | 0.965        |
|    learning_rate        | 0.0003       |
|    loss                 | 2.51         |
|    n_updates            | 1340         |
|    policy_gradient_loss | -0.00708     |
|    value_loss           | 11.7         |
------------------------------------------
------------------------------------------
| rollout/                |              |
|    ep_len_mean          | 1e+03        |
|    ep_rew_mean          | 177          |
| time/                   |              |
|    fps                  | 1708         |
|    iterations           | 16           |
|    time_elapsed         | 19           |
|    total_timesteps      | 278528       |
| train/                  |              |
|    approx_kl            | 0.0060589286 |
|    clip_fraction        | 0.0523       |
|    clip_range           | 0.2          |
|    entropy_loss         | -1.2         |
|    explained_variance   | 0.976        |
|    learning_rate        | 0.0003       |
|    loss                 | 4.99         |
|    n_updates            | 1350         |
|    policy_gradient_loss | -0.0067      |
|    value_loss           | 15.7         |
------------------------------------------
-----------------------------------------
| rollout/                |             |
|    ep_len_mean          | 1.01e+03    |
|    ep_rew_mean          | 182         |
| time/                   |             |
|    fps                  | 1712        |
|    iterations           | 17          |
|    time_elapsed         | 20          |
|    total_timesteps      | 280576      |
| train/                  |             |
|    approx_kl            | 0.007501986 |
|    clip_fraction        | 0.05        |
|    clip_range           | 0.2         |
|    entropy_loss         | -1.35       |
|    explained_variance   | 0.931       |
|    learning_rate        | 0.0003      |
|    loss                 | 9.59        |
|    n_updates            | 1360        |
|    policy_gradient_loss | -0.00574    |
|    value_loss           | 26.2        |
-----------------------------------------
---------------------------------------
| rollout/                |           |
|    ep_len_mean          | 1.03e+03  |
|    ep_rew_mean          | 181       |
| time/                   |           |
|    fps                  | 1710      |
|    iterations           | 18        |
|    time_elapsed         | 21        |
|    total_timesteps      | 282624    |
| train/                  |           |
|    approx_kl            | 0.0046963 |
|    clip_fraction        | 0.0487    |
|    clip_range           | 0.2       |
|    entropy_loss         | -0.997    |
|    explained_variance   | 0.971     |
|    learning_rate        | 0.0003    |
|    loss                 | 3.4       |
|    n_updates            | 1370      |
|    policy_gradient_loss | -0.00736  |
|    value_loss           | 11.4      |
---------------------------------------
-----------------------------------------
| rollout/                |             |
|    ep_len_mean          | 1.04e+03    |
|    ep_rew_mean          | 181         |
| time/                   |             |
|    fps                  | 1702        |
|    iterations           | 19          |
|    time_elapsed         | 22          |
|    total_timesteps      | 284672      |
| train/                  |             |
|    approx_kl            | 0.007926735 |
|    clip_fraction        | 0.106       |
|    clip_range           | 0.2         |
|    entropy_loss         | -1.42       |
|    explained_variance   | 0.939       |
|    learning_rate        | 0.0003      |
|    loss                 | 6.2         |
|    n_updates            | 1380        |
|    policy_gradient_loss | -0.00191    |
|    value_loss           | 16.6        |
-----------------------------------------
-----------------------------------------
| rollout/                |             |
|    ep_len_mean          | 1.05e+03    |
|    ep_rew_mean          | 183         |
| time/                   |             |
|    fps                  | 1697        |
|    iterations           | 20          |
|    time_elapsed         | 24          |
|    total_timesteps      | 286720      |
| train/                  |             |
|    approx_kl            | 0.010334436 |
|    clip_fraction        | 0.149       |
|    clip_range           | 0.2         |
|    entropy_loss         | -1.39       |
|    explained_variance   | 0.982       |
|    learning_rate        | 0.0003      |
|    loss                 | 3.26        |
|    n_updates            | 1390        |
|    policy_gradient_loss | -0.00866    |
|    value_loss           | 11          |
-----------------------------------------
-----------------------------------------
| rollout/                |             |
|    ep_len_mean          | 1.06e+03    |
|    ep_rew_mean          | 185         |
| time/                   |             |
|    fps                  | 1696        |
|    iterations           | 21          |
|    time_elapsed         | 25          |
|    total_timesteps      | 288768      |
| train/                  |             |
|    approx_kl            | 0.008398075 |
|    clip_fraction        | 0.0661      |
|    clip_range           | 0.2         |
|    entropy_loss         | -1.56       |
|    explained_variance   | 0.951       |
|    learning_rate        | 0.0003      |
|    loss                 | 1.08        |
|    n_updates            | 1400        |
|    policy_gradient_loss | -0.00655    |
|    value_loss           | 13.5        |
-----------------------------------------
-----------------------------------------
| rollout/                |             |
|    ep_len_mean          | 1.07e+03    |
|    ep_rew_mean          | 187         |
| time/                   |             |
|    fps                  | 1694        |
|    iterations           | 22          |
|    time_elapsed         | 26          |
|    total_timesteps      | 290816      |
| train/                  |             |
|    approx_kl            | 0.007245022 |
|    clip_fraction        | 0.0613      |
|    clip_range           | 0.2         |
|    entropy_loss         | -1.27       |
|    explained_variance   | 0.918       |
|    learning_rate        | 0.0003      |
|    loss                 | 6.75        |
|    n_updates            | 1410        |
|    policy_gradient_loss | -0.00722    |
|    value_loss           | 27.4        |
-----------------------------------------
-----------------------------------------
| rollout/                |             |
|    ep_len_mean          | 1.08e+03    |
|    ep_rew_mean          | 188         |
| time/                   |             |
|    fps                  | 1690        |
|    iterations           | 23          |
|    time_elapsed         | 27          |
|    total_timesteps      | 292864      |
| train/                  |             |
|    approx_kl            | 0.006862507 |
|    clip_fraction        | 0.0406      |
|    clip_range           | 0.2         |
|    entropy_loss         | -1.36       |
|    explained_variance   | 0.955       |
|    learning_rate        | 0.0003      |
|    loss                 | 4.94        |
|    n_updates            | 1420        |
|    policy_gradient_loss | -0.00776    |
|    value_loss           | 12.4        |
-----------------------------------------
-----------------------------------------
| rollout/                |             |
|    ep_len_mean          | 1.1e+03     |
|    ep_rew_mean          | 184         |
| time/                   |             |
|    fps                  | 1683        |
|    iterations           | 24          |
|    time_elapsed         | 29          |
|    total_timesteps      | 294912      |
| train/                  |             |
|    approx_kl            | 0.009130787 |
|    clip_fraction        | 0.0891      |
|    clip_range           | 0.2         |
|    entropy_loss         | -1.42       |
|    explained_variance   | 0.95        |
|    learning_rate        | 0.0003      |
|    loss                 | 2.34        |
|    n_updates            | 1430        |
|    policy_gradient_loss | -0.00639    |
|    value_loss           | 12.9        |
-----------------------------------------
-----------------------------------------
| rollout/                |             |
|    ep_len_mean          | 1.1e+03     |
|    ep_rew_mean          | 183         |
| time/                   |             |
|    fps                  | 1681        |
|    iterations           | 25          |
|    time_elapsed         | 30          |
|    total_timesteps      | 296960      |
| train/                  |             |
|    approx_kl            | 0.009280634 |
|    clip_fraction        | 0.0927      |
|    clip_range           | 0.2         |
|    entropy_loss         | -1.45       |
|    explained_variance   | 0.96        |
|    learning_rate        | 0.0003      |
|    loss                 | 1.08        |
|    n_updates            | 1440        |
|    policy_gradient_loss | -0.00884    |
|    value_loss           | 10.3        |
-----------------------------------------
-----------------------------------------
| rollout/                |             |
|    ep_len_mean          | 1.1e+03     |
|    ep_rew_mean          | 185         |
| time/                   |             |
|    fps                  | 1680        |
|    iterations           | 26          |
|    time_elapsed         | 31          |
|    total_timesteps      | 299008      |
| train/                  |             |
|    approx_kl            | 0.007818464 |
|    clip_fraction        | 0.0475      |
|    clip_range           | 0.2         |
|    entropy_loss         | -1.44       |
|    explained_variance   | 0.973       |
|    learning_rate        | 0.0003      |
|    loss                 | 2.21        |
|    n_updates            | 1450        |
|    policy_gradient_loss | -0.0065     |
|    value_loss           | 10.2        |
-----------------------------------------
-----------------------------------------
| rollout/                |             |
|    ep_len_mean          | 1.1e+03     |
|    ep_rew_mean          | 181         |
| time/                   |             |
|    fps                  | 1678        |
|    iterations           | 27          |
|    time_elapsed         | 32          |
|    total_timesteps      | 301056      |
| train/                  |             |
|    approx_kl            | 0.009243837 |
|    clip_fraction        | 0.0834      |
|    clip_range           | 0.2         |
|    entropy_loss         | -1.17       |
|    explained_variance   | 0.978       |
|    learning_rate        | 0.0003      |
|    loss                 | 2.47        |
|    n_updates            | 1460        |
|    policy_gradient_loss | -0.00856    |
|    value_loss           | 9.04        |
-----------------------------------------
-----------------------------------------
| rollout/                |             |
|    ep_len_mean          | 1.1e+03     |
|    ep_rew_mean          | 180         |
| time/                   |             |
|    fps                  | 1681        |
|    iterations           | 28          |
|    time_elapsed         | 34          |
|    total_timesteps      | 303104      |
| train/                  |             |
|    approx_kl            | 0.019878527 |
|    clip_fraction        | 0.0875      |
|    clip_range           | 0.2         |
|    entropy_loss         | -1.47       |
|    explained_variance   | 0.944       |
|    learning_rate        | 0.0003      |
|    loss                 | 1.15        |
|    n_updates            | 1470        |
|    policy_gradient_loss | -0.00504    |
|    value_loss           | 7.56        |
-----------------------------------------
------------------------------------------
| rollout/                |              |
|    ep_len_mean          | 1.1e+03      |
|    ep_rew_mean          | 184          |
| time/                   |              |
|    fps                  | 1681         |
|    iterations           | 29           |
|    time_elapsed         | 35           |
|    total_timesteps      | 305152       |
| train/                  |              |
|    approx_kl            | 0.0064454735 |
|    clip_fraction        | 0.0806       |
|    clip_range           | 0.2          |
|    entropy_loss         | -1.26        |
|    explained_variance   | 0.958        |
|    learning_rate        | 0.0003       |
|    loss                 | 6.5          |
|    n_updates            | 1480         |
|    policy_gradient_loss | -0.00866     |
|    value_loss           | 14.3         |
------------------------------------------
-----------------------------------------
| rollout/                |             |
|    ep_len_mean          | 1.1e+03     |
|    ep_rew_mean          | 184         |
| time/                   |             |
|    fps                  | 1678        |
|    iterations           | 30          |
|    time_elapsed         | 36          |
|    total_timesteps      | 307200      |
| train/                  |             |
|    approx_kl            | 0.005225048 |
|    clip_fraction        | 0.0396      |
|    clip_range           | 0.2         |
|    entropy_loss         | -1.03       |
|    explained_variance   | 0.971       |
|    learning_rate        | 0.0003      |
|    loss                 | 4.36        |
|    n_updates            | 1490        |
|    policy_gradient_loss | -0.00799    |
|    value_loss           | 11.6        |
-----------------------------------------
 100% ━━━━━━━━━━━━━━━━━━━━━━━━ 61,440/60,000  [ 0:00:35 < 0:00:00 , 1,665 it/s ]

  [eval @ 120,000] success=0.0% (0/12)
  [eval final] success=0.0%
[PPO-Random] 阶段 random_384 完成，耗时 86.8s

[PPO-Random] 生成训练地图池 12 张 …
  完成，耗时 402.9s | 示例障碍占比 28.8%

============================================================
[PPO-Random] 阶段 4/4 | random_500
  规模: 500×500 | 训练池: 12 | 留出评测: 6
  train steps: 200,000 | max_episode_steps: 2800
============================================================
---------------------------------
| rollout/           |          |
|    ep_len_mean     | 1.1e+03  |
|    ep_rew_mean     | 184      |
| time/              |          |
|    fps             | 1762     |
|    iterations      | 1        |
|    time_elapsed    | 1        |
|    total_timesteps | 309248   |
---------------------------------
----------------------------------------
| rollout/                |            |
|    ep_len_mean          | 1.12e+03   |
|    ep_rew_mean          | 184        |
| time/                   |            |
|    fps                  | 1689       |
|    iterations           | 2          |
|    time_elapsed         | 2          |
|    total_timesteps      | 311296     |
| train/                  |            |
|    approx_kl            | 0.01806183 |
|    clip_fraction        | 0.336      |
|    clip_range           | 0.2        |
|    entropy_loss         | -1.54      |
|    explained_variance   | 0.949      |
|    learning_rate        | 0.0003     |
|    loss                 | 6.08       |
|    n_updates            | 1510       |
|    policy_gradient_loss | -0.0024    |
|    value_loss           | 8          |
----------------------------------------
----------------------------------------
| rollout/                |            |
|    ep_len_mean          | 1.13e+03   |
|    ep_rew_mean          | 184        |
| time/                   |            |
|    fps                  | 1675       |
|    iterations           | 3          |
|    time_elapsed         | 3          |
|    total_timesteps      | 313344     |
| train/                  |            |
|    approx_kl            | 0.00711038 |
|    clip_fraction        | 0.0383     |
|    clip_range           | 0.2        |
|    entropy_loss         | -1.54      |
|    explained_variance   | 0.935      |
|    learning_rate        | 0.0003     |
|    loss                 | 1.88       |
|    n_updates            | 1520       |
|    policy_gradient_loss | -0.00357   |
|    value_loss           | 5.57       |
----------------------------------------
-----------------------------------------
| rollout/                |             |
|    ep_len_mean          | 1.13e+03    |
|    ep_rew_mean          | 184         |
| time/                   |             |
|    fps                  | 1726        |
|    iterations           | 4           |
|    time_elapsed         | 4           |
|    total_timesteps      | 315392      |
| train/                  |             |
|    approx_kl            | 0.008590793 |
|    clip_fraction        | 0.0666      |
|    clip_range           | 0.2         |
|    entropy_loss         | -1.38       |
|    explained_variance   | 0.854       |
|    learning_rate        | 0.0003      |
|    loss                 | 5.02        |
|    n_updates            | 1530        |
|    policy_gradient_loss | -0.00645    |
|    value_loss           | 14.4        |
-----------------------------------------
-----------------------------------------
| rollout/                |             |
|    ep_len_mean          | 1.15e+03    |
|    ep_rew_mean          | 187         |
| time/                   |             |
|    fps                  | 1735        |
|    iterations           | 5           |
|    time_elapsed         | 5           |
|    total_timesteps      | 317440      |
| train/                  |             |
|    approx_kl            | 0.011512447 |
|    clip_fraction        | 0.141       |
|    clip_range           | 0.2         |
|    entropy_loss         | -1.32       |
|    explained_variance   | 0.0369      |
|    learning_rate        | 0.0003      |
|    loss                 | 0.551       |
|    n_updates            | 1540        |
|    policy_gradient_loss | -0.00986    |
|    value_loss           | 4.25        |
-----------------------------------------
------------------------------------------
| rollout/                |              |
|    ep_len_mean          | 1.17e+03     |
|    ep_rew_mean          | 191          |
| time/                   |              |
|    fps                  | 1734         |
|    iterations           | 6            |
|    time_elapsed         | 7            |
|    total_timesteps      | 319488       |
| train/                  |              |
|    approx_kl            | 0.0061110253 |
|    clip_fraction        | 0.0378       |
|    clip_range           | 0.2          |
|    entropy_loss         | -1.16        |
|    explained_variance   | 0.947        |
|    learning_rate        | 0.0003       |
|    loss                 | 3.9          |
|    n_updates            | 1550         |
|    policy_gradient_loss | -0.00753     |
|    value_loss           | 10.5         |
------------------------------------------
-----------------------------------------
| rollout/                |             |
|    ep_len_mean          | 1.18e+03    |
|    ep_rew_mean          | 195         |
| time/                   |             |
|    fps                  | 1751        |
|    iterations           | 7           |
|    time_elapsed         | 8           |
|    total_timesteps      | 321536      |
| train/                  |             |
|    approx_kl            | 0.010134558 |
|    clip_fraction        | 0.0593      |
|    clip_range           | 0.2         |
|    entropy_loss         | -1.17       |
|    explained_variance   | 0.972       |
|    learning_rate        | 0.0003      |
|    loss                 | 2.73        |
|    n_updates            | 1560        |
|    policy_gradient_loss | -0.00768    |
|    value_loss           | 6.74        |
-----------------------------------------
-----------------------------------------
| rollout/                |             |
|    ep_len_mean          | 1.18e+03    |
|    ep_rew_mean          | 195         |
| time/                   |             |
|    fps                  | 1748        |
|    iterations           | 8           |
|    time_elapsed         | 9           |
|    total_timesteps      | 323584      |
| train/                  |             |
|    approx_kl            | 0.022004541 |
|    clip_fraction        | 0.173       |
|    clip_range           | 0.2         |
|    entropy_loss         | -1.36       |
|    explained_variance   | 0.941       |
|    learning_rate        | 0.0003      |
|    loss                 | 1.69        |
|    n_updates            | 1570        |
|    policy_gradient_loss | -0.0125     |
|    value_loss           | 3.95        |
-----------------------------------------
-----------------------------------------
| rollout/                |             |
|    ep_len_mean          | 1.2e+03     |
|    ep_rew_mean          | 193         |
| time/                   |             |
|    fps                  | 1745        |
|    iterations           | 9           |
|    time_elapsed         | 10          |
|    total_timesteps      | 325632      |
| train/                  |             |
|    approx_kl            | 0.034851313 |
|    clip_fraction        | 0.375       |
|    clip_range           | 0.2         |
|    entropy_loss         | -1.61       |
|    explained_variance   | 0.869       |
|    learning_rate        | 0.0003      |
|    loss                 | -0.00991    |
|    n_updates            | 1580        |
|    policy_gradient_loss | -0.0188     |
|    value_loss           | 0.044       |
-----------------------------------------
-----------------------------------------
| rollout/                |             |
|    ep_len_mean          | 1.22e+03    |
|    ep_rew_mean          | 192         |
| time/                   |             |
|    fps                  | 1743        |
|    iterations           | 10          |
|    time_elapsed         | 11          |
|    total_timesteps      | 327680      |
| train/                  |             |
|    approx_kl            | 0.008703448 |
|    clip_fraction        | 0.351       |
|    clip_range           | 0.2         |
|    entropy_loss         | -1.51       |
|    explained_variance   | 0.925       |
|    learning_rate        | 0.0003      |
|    loss                 | 1.35        |
|    n_updates            | 1590        |
|    policy_gradient_loss | 0.00139     |
|    value_loss           | 6.53        |
-----------------------------------------
-----------------------------------------
| rollout/                |             |
|    ep_len_mean          | 1.24e+03    |
|    ep_rew_mean          | 193         |
| time/                   |             |
|    fps                  | 1727        |
|    iterations           | 11          |
|    time_elapsed         | 13          |
|    total_timesteps      | 329728      |
| train/                  |             |
|    approx_kl            | 0.008030025 |
|    clip_fraction        | 0.0209      |
|    clip_range           | 0.2         |
|    entropy_loss         | -1.47       |
|    explained_variance   | 0.973       |
|    learning_rate        | 0.0003      |
|    loss                 | 0.71        |
|    n_updates            | 1600        |
|    policy_gradient_loss | -0.00309    |
|    value_loss           | 2.94        |
-----------------------------------------
-----------------------------------------
| rollout/                |             |
|    ep_len_mean          | 1.24e+03    |
|    ep_rew_mean          | 193         |
| time/                   |             |
|    fps                  | 1723        |
|    iterations           | 12          |
|    time_elapsed         | 14          |
|    total_timesteps      | 331776      |
| train/                  |             |
|    approx_kl            | 0.009855665 |
|    clip_fraction        | 0.0581      |
|    clip_range           | 0.2         |
|    entropy_loss         | -1.56       |
|    explained_variance   | 0.959       |
|    learning_rate        | 0.0003      |
|    loss                 | 0.152       |
|    n_updates            | 1610        |
|    policy_gradient_loss | -0.00467    |
|    value_loss           | 0.704       |
-----------------------------------------
-----------------------------------------
| rollout/                |             |
|    ep_len_mean          | 1.25e+03    |
|    ep_rew_mean          | 193         |
| time/                   |             |
|    fps                  | 1717        |
|    iterations           | 13          |
|    time_elapsed         | 15          |
|    total_timesteps      | 333824      |
| train/                  |             |
|    approx_kl            | 0.009887777 |
|    clip_fraction        | 0.0501      |
|    clip_range           | 0.2         |
|    entropy_loss         | -1.52       |
|    explained_variance   | 0.941       |
|    learning_rate        | 0.0003      |
|    loss                 | 0.09        |
|    n_updates            | 1620        |
|    policy_gradient_loss | -0.00348    |
|    value_loss           | 1.34        |
-----------------------------------------
------------------------------------------
| rollout/                |              |
|    ep_len_mean          | 1.27e+03     |
|    ep_rew_mean          | 192          |
| time/                   |              |
|    fps                  | 1717         |
|    iterations           | 14           |
|    time_elapsed         | 16           |
|    total_timesteps      | 335872       |
| train/                  |              |
|    approx_kl            | 0.0043098223 |
|    clip_fraction        | 0.0323       |
|    clip_range           | 0.2          |
|    entropy_loss         | -1.57        |
|    explained_variance   | 0.904        |
|    learning_rate        | 0.0003       |
|    loss                 | 3.14         |
|    n_updates            | 1630         |
|    policy_gradient_loss | -0.00406     |
|    value_loss           | 6.35         |
------------------------------------------
-----------------------------------------
| rollout/                |             |
|    ep_len_mean          | 1.27e+03    |
|    ep_rew_mean          | 192         |
| time/                   |             |
|    fps                  | 1715        |
|    iterations           | 15          |
|    time_elapsed         | 17          |
|    total_timesteps      | 337920      |
| train/                  |             |
|    approx_kl            | 0.009536856 |
|    clip_fraction        | 0.0807      |
|    clip_range           | 0.2         |
|    entropy_loss         | -1.58       |
|    explained_variance   | 0.918       |
|    learning_rate        | 0.0003      |
|    loss                 | 1.12        |
|    n_updates            | 1640        |
|    policy_gradient_loss | -0.0126     |
|    value_loss           | 3.89        |
-----------------------------------------
-----------------------------------------
| rollout/                |             |
|    ep_len_mean          | 1.29e+03    |
|    ep_rew_mean          | 182         |
| time/                   |             |
|    fps                  | 1720        |
|    iterations           | 16          |
|    time_elapsed         | 19          |
|    total_timesteps      | 339968      |
| train/                  |             |
|    approx_kl            | 0.017317804 |
|    clip_fraction        | 0.0852      |
|    clip_range           | 0.2         |
|    entropy_loss         | -0.692      |
|    explained_variance   | -0.162      |
|    learning_rate        | 0.0003      |
|    loss                 | 0.112       |
|    n_updates            | 1650        |
|    policy_gradient_loss | -0.00449    |
|    value_loss           | 4.08        |
-----------------------------------------
-----------------------------------------
| rollout/                |             |
|    ep_len_mean          | 1.3e+03     |
|    ep_rew_mean          | 184         |
| time/                   |             |
|    fps                  | 1724        |
|    iterations           | 17          |
|    time_elapsed         | 20          |
|    total_timesteps      | 342016      |
| train/                  |             |
|    approx_kl            | 0.005146698 |
|    clip_fraction        | 0.0299      |
|    clip_range           | 0.2         |
|    entropy_loss         | -1.05       |
|    explained_variance   | 0.862       |
|    learning_rate        | 0.0003      |
|    loss                 | 4.18        |
|    n_updates            | 1660        |
|    policy_gradient_loss | -0.00561    |
|    value_loss           | 18.6        |
-----------------------------------------
------------------------------------------
| rollout/                |              |
|    ep_len_mean          | 1.32e+03     |
|    ep_rew_mean          | 186          |
| time/                   |              |
|    fps                  | 1728         |
|    iterations           | 18           |
|    time_elapsed         | 21           |
|    total_timesteps      | 344064       |
| train/                  |              |
|    approx_kl            | 0.0014820748 |
|    clip_fraction        | 0.00283      |
|    clip_range           | 0.2          |
|    entropy_loss         | -1.05        |
|    explained_variance   | 0.916        |
|    learning_rate        | 0.0003       |
|    loss                 | 2.81         |
|    n_updates            | 1670         |
|    policy_gradient_loss | -0.00386     |
|    value_loss           | 11.3         |
------------------------------------------
------------------------------------------
| rollout/                |              |
|    ep_len_mean          | 1.32e+03     |
|    ep_rew_mean          | 186          |
| time/                   |              |
|    fps                  | 1732         |
|    iterations           | 19           |
|    time_elapsed         | 22           |
|    total_timesteps      | 346112       |
| train/                  |              |
|    approx_kl            | 0.0027199343 |
|    clip_fraction        | 0.0133       |
|    clip_range           | 0.2          |
|    entropy_loss         | -0.998       |
|    explained_variance   | 0.943        |
|    learning_rate        | 0.0003       |
|    loss                 | 2.69         |
|    n_updates            | 1680         |
|    policy_gradient_loss | -0.00242     |
|    value_loss           | 10.1         |
------------------------------------------
------------------------------------------
| rollout/                |              |
|    ep_len_mean          | 1.34e+03     |
|    ep_rew_mean          | 190          |
| time/                   |              |
|    fps                  | 1727         |
|    iterations           | 20           |
|    time_elapsed         | 23           |
|    total_timesteps      | 348160       |
| train/                  |              |
|    approx_kl            | 0.0032149565 |
|    clip_fraction        | 0.0105       |
|    clip_range           | 0.2          |
|    entropy_loss         | -1.22        |
|    explained_variance   | 0.927        |
|    learning_rate        | 0.0003       |
|    loss                 | 0.676        |
|    n_updates            | 1690         |
|    policy_gradient_loss | -0.00547     |
|    value_loss           | 3.39         |
------------------------------------------
------------------------------------------
| rollout/                |              |
|    ep_len_mean          | 1.36e+03     |
|    ep_rew_mean          | 178          |
| time/                   |              |
|    fps                  | 1715         |
|    iterations           | 21           |
|    time_elapsed         | 25           |
|    total_timesteps      | 350208       |
| train/                  |              |
|    approx_kl            | 0.0028775162 |
|    clip_fraction        | 0.0229       |
|    clip_range           | 0.2          |
|    entropy_loss         | -0.818       |
|    explained_variance   | 0.755        |
|    learning_rate        | 0.0003       |
|    loss                 | 1.44         |
|    n_updates            | 1700         |
|    policy_gradient_loss | -0.00493     |
|    value_loss           | 8.34         |
------------------------------------------
-----------------------------------------
| rollout/                |             |
|    ep_len_mean          | 1.37e+03    |
|    ep_rew_mean          | 177         |
| time/                   |             |
|    fps                  | 1709        |
|    iterations           | 22          |
|    time_elapsed         | 26          |
|    total_timesteps      | 352256      |
| train/                  |             |
|    approx_kl            | 0.023007767 |
|    clip_fraction        | 0.114       |
|    clip_range           | 0.2         |
|    entropy_loss         | -1.1        |
|    explained_variance   | 0.851       |
|    learning_rate        | 0.0003      |
|    loss                 | 0.442       |
|    n_updates            | 1710        |
|    policy_gradient_loss | -0.0087     |
|    value_loss           | 4.83        |
-----------------------------------------
-----------------------------------------
| rollout/                |             |
|    ep_len_mean          | 1.37e+03    |
|    ep_rew_mean          | 177         |
| time/                   |             |
|    fps                  | 1704        |
|    iterations           | 23          |
|    time_elapsed         | 27          |
|    total_timesteps      | 354304      |
| train/                  |             |
|    approx_kl            | 0.016546668 |
|    clip_fraction        | 0.0918      |
|    clip_range           | 0.2         |
|    entropy_loss         | -1.45       |
|    explained_variance   | 0.968       |
|    learning_rate        | 0.0003      |
|    loss                 | 2.34        |
|    n_updates            | 1720        |
|    policy_gradient_loss | -0.00361    |
|    value_loss           | 3.9         |
-----------------------------------------
-----------------------------------------
| rollout/                |             |
|    ep_len_mean          | 1.39e+03    |
|    ep_rew_mean          | 179         |
| time/                   |             |
|    fps                  | 1700        |
|    iterations           | 24          |
|    time_elapsed         | 28          |
|    total_timesteps      | 356352      |
| train/                  |             |
|    approx_kl            | 0.015164917 |
|    clip_fraction        | 0.0989      |
|    clip_range           | 0.2         |
|    entropy_loss         | -1.54       |
|    explained_variance   | 0.871       |
|    learning_rate        | 0.0003      |
|    loss                 | 0.42        |
|    n_updates            | 1730        |
|    policy_gradient_loss | -0.00744    |
|    value_loss           | 4.59        |
-----------------------------------------
-----------------------------------------
| rollout/                |             |
|    ep_len_mean          | 1.41e+03    |
|    ep_rew_mean          | 181         |
| time/                   |             |
|    fps                  | 1695        |
|    iterations           | 25          |
|    time_elapsed         | 30          |
|    total_timesteps      | 358400      |
| train/                  |             |
|    approx_kl            | 0.004110419 |
|    clip_fraction        | 0.0206      |
|    clip_range           | 0.2         |
|    entropy_loss         | -1.37       |
|    explained_variance   | 0.976       |
|    learning_rate        | 0.0003      |
|    loss                 | 0.796       |
|    n_updates            | 1740        |
|    policy_gradient_loss | -0.00475    |
|    value_loss           | 5.52        |
-----------------------------------------
------------------------------------------
| rollout/                |              |
|    ep_len_mean          | 1.42e+03     |
|    ep_rew_mean          | 180          |
| time/                   |              |
|    fps                  | 1693         |
|    iterations           | 26           |
|    time_elapsed         | 31           |
|    total_timesteps      | 360448       |
| train/                  |              |
|    approx_kl            | 0.0030783105 |
|    clip_fraction        | 0.00918      |
|    clip_range           | 0.2          |
|    entropy_loss         | -1.47        |
|    explained_variance   | 0.965        |
|    learning_rate        | 0.0003       |
|    loss                 | 0.292        |
|    n_updates            | 1750         |
|    policy_gradient_loss | -0.00474     |
|    value_loss           | 3.91         |
------------------------------------------
-----------------------------------------
| rollout/                |             |
|    ep_len_mean          | 1.42e+03    |
|    ep_rew_mean          | 180         |
| time/                   |             |
|    fps                  | 1693        |
|    iterations           | 27          |
|    time_elapsed         | 32          |
|    total_timesteps      | 362496      |
| train/                  |             |
|    approx_kl            | 0.025179159 |
|    clip_fraction        | 0.218       |
|    clip_range           | 0.2         |
|    entropy_loss         | -1.58       |
|    explained_variance   | 0.995       |
|    learning_rate        | 0.0003      |
|    loss                 | 0.115       |
|    n_updates            | 1760        |
|    policy_gradient_loss | -0.00913    |
|    value_loss           | 0.427       |
-----------------------------------------
-----------------------------------------
| rollout/                |             |
|    ep_len_mean          | 1.44e+03    |
|    ep_rew_mean          | 179         |
| time/                   |             |
|    fps                  | 1693        |
|    iterations           | 28          |
|    time_elapsed         | 33          |
|    total_timesteps      | 364544      |
| train/                  |             |
|    approx_kl            | 0.013359273 |
|    clip_fraction        | 0.257       |
|    clip_range           | 0.2         |
|    entropy_loss         | -1.57       |
|    explained_variance   | 0.923       |
|    learning_rate        | 0.0003      |
|    loss                 | 0.225       |
|    n_updates            | 1770        |
|    policy_gradient_loss | -0.0031     |
|    value_loss           | 3.4         |
-----------------------------------------
------------------------------------------
| rollout/                |              |
|    ep_len_mean          | 1.46e+03     |
|    ep_rew_mean          | 181          |
| time/                   |              |
|    fps                  | 1696         |
|    iterations           | 29           |
|    time_elapsed         | 35           |
|    total_timesteps      | 366592       |
| train/                  |              |
|    approx_kl            | 0.0023066364 |
|    clip_fraction        | 0.0103       |
|    clip_range           | 0.2          |
|    entropy_loss         | -1.2         |
|    explained_variance   | 0.95         |
|    learning_rate        | 0.0003       |
|    loss                 | 8.47         |
|    n_updates            | 1780         |
|    policy_gradient_loss | -0.00316     |
|    value_loss           | 13.2         |
------------------------------------------
------------------------------------------
| rollout/                |              |
|    ep_len_mean          | 1.46e+03     |
|    ep_rew_mean          | 181          |
| time/                   |              |
|    fps                  | 1687         |
|    iterations           | 30           |
|    time_elapsed         | 36           |
|    total_timesteps      | 368640       |
| train/                  |              |
|    approx_kl            | 0.0034365368 |
|    clip_fraction        | 0.0149       |
|    clip_range           | 0.2          |
|    entropy_loss         | -1.2         |
|    explained_variance   | 0.957        |
|    learning_rate        | 0.0003       |
|    loss                 | 2.09         |
|    n_updates            | 1790         |
|    policy_gradient_loss | -0.00349     |
|    value_loss           | 10.4         |
------------------------------------------
----------------------------------------
| rollout/                |            |
|    ep_len_mean          | 1.47e+03   |
|    ep_rew_mean          | 183        |
| time/                   |            |
|    fps                  | 1660       |
|    iterations           | 31         |
|    time_elapsed         | 38         |
|    total_timesteps      | 370688     |
| train/                  |            |
|    approx_kl            | 0.02771224 |
|    clip_fraction        | 0.278      |
|    clip_range           | 0.2        |
|    entropy_loss         | -1.6       |
|    explained_variance   | 0.628      |
|    learning_rate        | 0.0003     |
|    loss                 | 0.00428    |
|    n_updates            | 1800       |
|    policy_gradient_loss | -0.0161    |
|    value_loss           | 0.0598     |
----------------------------------------
-----------------------------------------
| rollout/                |             |
|    ep_len_mean          | 1.49e+03    |
|    ep_rew_mean          | 183         |
| time/                   |             |
|    fps                  | 1658        |
|    iterations           | 32          |
|    time_elapsed         | 39          |
|    total_timesteps      | 372736      |
| train/                  |             |
|    approx_kl            | 0.008316174 |
|    clip_fraction        | 0.159       |
|    clip_range           | 0.2         |
|    entropy_loss         | -1.59       |
|    explained_variance   | 0.924       |
|    learning_rate        | 0.0003      |
|    loss                 | 4.3         |
|    n_updates            | 1810        |
|    policy_gradient_loss | -9.92e-05   |
|    value_loss           | 8.78        |
-----------------------------------------
-----------------------------------------
| rollout/                |             |
|    ep_len_mean          | 1.51e+03    |
|    ep_rew_mean          | 185         |
| time/                   |             |
|    fps                  | 1647        |
|    iterations           | 33          |
|    time_elapsed         | 41          |
|    total_timesteps      | 374784      |
| train/                  |             |
|    approx_kl            | 0.007463547 |
|    clip_fraction        | 0.0365      |
|    clip_range           | 0.2         |
|    entropy_loss         | -1.49       |
|    explained_variance   | 0.981       |
|    learning_rate        | 0.0003      |
|    loss                 | 1.33        |
|    n_updates            | 1820        |
|    policy_gradient_loss | -0.00338    |
|    value_loss           | 3.97        |
-----------------------------------------
-----------------------------------------
| rollout/                |             |
|    ep_len_mean          | 1.51e+03    |
|    ep_rew_mean          | 185         |
| time/                   |             |
|    fps                  | 1653        |
|    iterations           | 34          |
|    time_elapsed         | 42          |
|    total_timesteps      | 376832      |
| train/                  |             |
|    approx_kl            | 0.006953417 |
|    clip_fraction        | 0.0273      |
|    clip_range           | 0.2         |
|    entropy_loss         | -1.4        |
|    explained_variance   | 0.993       |
|    learning_rate        | 0.0003      |
|    loss                 | 0.663       |
|    n_updates            | 1830        |
|    policy_gradient_loss | -0.00553    |
|    value_loss           | 2.41        |
-----------------------------------------
-----------------------------------------
| rollout/                |             |
|    ep_len_mean          | 1.52e+03    |
|    ep_rew_mean          | 188         |
| time/                   |             |
|    fps                  | 1652        |
|    iterations           | 35          |
|    time_elapsed         | 43          |
|    total_timesteps      | 378880      |
| train/                  |             |
|    approx_kl            | 0.006771923 |
|    clip_fraction        | 0.0381      |
|    clip_range           | 0.2         |
|    entropy_loss         | -1.3        |
|    explained_variance   | 0.909       |
|    learning_rate        | 0.0003      |
|    loss                 | 1.87        |
|    n_updates            | 1840        |
|    policy_gradient_loss | -0.0041     |
|    value_loss           | 5.86        |
-----------------------------------------
------------------------------------------
| rollout/                |              |
|    ep_len_mean          | 1.54e+03     |
|    ep_rew_mean          | 189          |
| time/                   |              |
|    fps                  | 1653         |
|    iterations           | 36           |
|    time_elapsed         | 44           |
|    total_timesteps      | 380928       |
| train/                  |              |
|    approx_kl            | 0.0038708828 |
|    clip_fraction        | 0.0247       |
|    clip_range           | 0.2          |
|    entropy_loss         | -1.09        |
|    explained_variance   | 0.987        |
|    learning_rate        | 0.0003       |
|    loss                 | 2.18         |
|    n_updates            | 1850         |
|    policy_gradient_loss | -0.00409     |
|    value_loss           | 6.05         |
------------------------------------------
------------------------------------------
| rollout/                |              |
|    ep_len_mean          | 1.56e+03     |
|    ep_rew_mean          | 188          |
| time/                   |              |
|    fps                  | 1658         |
|    iterations           | 37           |
|    time_elapsed         | 45           |
|    total_timesteps      | 382976       |
| train/                  |              |
|    approx_kl            | 0.0041438835 |
|    clip_fraction        | 0.0082       |
|    clip_range           | 0.2          |
|    entropy_loss         | -0.999       |
|    explained_variance   | 0.913        |
|    learning_rate        | 0.0003       |
|    loss                 | 2.61         |
|    n_updates            | 1860         |
|    policy_gradient_loss | -0.00311     |
|    value_loss           | 13.2         |
------------------------------------------
------------------------------------------
| rollout/                |              |
|    ep_len_mean          | 1.56e+03     |
|    ep_rew_mean          | 188          |
| time/                   |              |
|    fps                  | 1660         |
|    iterations           | 38           |
|    time_elapsed         | 46           |
|    total_timesteps      | 385024       |
| train/                  |              |
|    approx_kl            | 0.0048501184 |
|    clip_fraction        | 0.0192       |
|    clip_range           | 0.2          |
|    entropy_loss         | -1.05        |
|    explained_variance   | 0.964        |
|    learning_rate        | 0.0003       |
|    loss                 | 4.08         |
|    n_updates            | 1870         |
|    policy_gradient_loss | -0.00374     |
|    value_loss           | 7.53         |
------------------------------------------
------------------------------------------
| rollout/                |              |
|    ep_len_mean          | 1.58e+03     |
|    ep_rew_mean          | 192          |
| time/                   |              |
|    fps                  | 1655         |
|    iterations           | 39           |
|    time_elapsed         | 48           |
|    total_timesteps      | 387072       |
| train/                  |              |
|    approx_kl            | 0.0036545484 |
|    clip_fraction        | 0.00713      |
|    clip_range           | 0.2          |
|    entropy_loss         | -1.05        |
|    explained_variance   | 0.887        |
|    learning_rate        | 0.0003       |
|    loss                 | 5.04         |
|    n_updates            | 1880         |
|    policy_gradient_loss | -0.00339     |
|    value_loss           | 18.1         |
------------------------------------------
------------------------------------------
| rollout/                |              |
|    ep_len_mean          | 1.59e+03     |
|    ep_rew_mean          | 195          |
| time/                   |              |
|    fps                  | 1654         |
|    iterations           | 40           |
|    time_elapsed         | 49           |
|    total_timesteps      | 389120       |
| train/                  |              |
|    approx_kl            | 0.0037860158 |
|    clip_fraction        | 0.0138       |
|    clip_range           | 0.2          |
|    entropy_loss         | -1.02        |
|    explained_variance   | 0.964        |
|    learning_rate        | 0.0003       |
|    loss                 | 3.53         |
|    n_updates            | 1890         |
|    policy_gradient_loss | -0.00394     |
|    value_loss           | 13           |
------------------------------------------
------------------------------------------
| rollout/                |              |
|    ep_len_mean          | 1.59e+03     |
|    ep_rew_mean          | 195          |
| time/                   |              |
|    fps                  | 1645         |
|    iterations           | 41           |
|    time_elapsed         | 51           |
|    total_timesteps      | 391168       |
| train/                  |              |
|    approx_kl            | 0.0046209395 |
|    clip_fraction        | 0.0297       |
|    clip_range           | 0.2          |
|    entropy_loss         | -1.12        |
|    explained_variance   | 0.98         |
|    learning_rate        | 0.0003       |
|    loss                 | 0.746        |
|    n_updates            | 1900         |
|    policy_gradient_loss | -0.00493     |
|    value_loss           | 4.88         |
------------------------------------------
----------------------------------------
| rollout/                |            |
|    ep_len_mean          | 1.61e+03   |
|    ep_rew_mean          | 196        |
| time/                   |            |
|    fps                  | 1645       |
|    iterations           | 42         |
|    time_elapsed         | 52         |
|    total_timesteps      | 393216     |
| train/                  |            |
|    approx_kl            | 0.03277029 |
|    clip_fraction        | 0.359      |
|    clip_range           | 0.2        |
|    entropy_loss         | -1.57      |
|    explained_variance   | 0.614      |
|    learning_rate        | 0.0003     |
|    loss                 | -0.00933   |
|    n_updates            | 1910       |
|    policy_gradient_loss | -0.02      |
|    value_loss           | 0.0679     |
----------------------------------------
-----------------------------------------
| rollout/                |             |
|    ep_len_mean          | 1.63e+03    |
|    ep_rew_mean          | 194         |
| time/                   |             |
|    fps                  | 1643        |
|    iterations           | 43          |
|    time_elapsed         | 53          |
|    total_timesteps      | 395264      |
| train/                  |             |
|    approx_kl            | 0.013899807 |
|    clip_fraction        | 0.193       |
|    clip_range           | 0.2         |
|    entropy_loss         | -1.52       |
|    explained_variance   | 0.95        |
|    learning_rate        | 0.0003      |
|    loss                 | 0.756       |
|    n_updates            | 1920        |
|    policy_gradient_loss | -0.00653    |
|    value_loss           | 5.75        |
-----------------------------------------
------------------------------------------
| rollout/                |              |
|    ep_len_mean          | 1.64e+03     |
|    ep_rew_mean          | 195          |
| time/                   |              |
|    fps                  | 1643         |
|    iterations           | 44           |
|    time_elapsed         | 54           |
|    total_timesteps      | 397312       |
| train/                  |              |
|    approx_kl            | 0.0028955028 |
|    clip_fraction        | 0.00562      |
|    clip_range           | 0.2          |
|    entropy_loss         | -1.37        |
|    explained_variance   | 0.968        |
|    learning_rate        | 0.0003       |
|    loss                 | 1.82         |
|    n_updates            | 1930         |
|    policy_gradient_loss | -0.00204     |
|    value_loss           | 4.6          |
------------------------------------------
-----------------------------------------
| rollout/                |             |
|    ep_len_mean          | 1.64e+03    |
|    ep_rew_mean          | 195         |
| time/                   |             |
|    fps                  | 1642        |
|    iterations           | 45          |
|    time_elapsed         | 56          |
|    total_timesteps      | 399360      |
| train/                  |             |
|    approx_kl            | 0.006259775 |
|    clip_fraction        | 0.0377      |
|    clip_range           | 0.2         |
|    entropy_loss         | -1.5        |
|    explained_variance   | 0.958       |
|    learning_rate        | 0.0003      |
|    loss                 | 0.396       |
|    n_updates            | 1940        |
|    policy_gradient_loss | -0.00279    |
|    value_loss           | 6.54        |
-----------------------------------------
----------------------------------------
| rollout/                |            |
|    ep_len_mean          | 1.66e+03   |
|    ep_rew_mean          | 194        |
| time/                   |            |
|    fps                  | 1641       |
|    iterations           | 46         |
|    time_elapsed         | 57         |
|    total_timesteps      | 401408     |
| train/                  |            |
|    approx_kl            | 0.03356535 |
|    clip_fraction        | 0.389      |
|    clip_range           | 0.2        |
|    entropy_loss         | -1.58      |
|    explained_variance   | 0.836      |
|    learning_rate        | 0.0003     |
|    loss                 | -0.00852   |
|    n_updates            | 1950       |
|    policy_gradient_loss | -0.0197    |
|    value_loss           | 0.0302     |
----------------------------------------
-----------------------------------------
| rollout/                |             |
|    ep_len_mean          | 1.68e+03    |
|    ep_rew_mean          | 189         |
| time/                   |             |
|    fps                  | 1640        |
|    iterations           | 47          |
|    time_elapsed         | 58          |
|    total_timesteps      | 403456      |
| train/                  |             |
|    approx_kl            | 0.010214809 |
|    clip_fraction        | 0.29        |
|    clip_range           | 0.2         |
|    entropy_loss         | -1.53       |
|    explained_variance   | 0.905       |
|    learning_rate        | 0.0003      |
|    loss                 | 2.31        |
|    n_updates            | 1960        |
|    policy_gradient_loss | 0.00303     |
|    value_loss           | 6.12        |
-----------------------------------------
-----------------------------------------
| rollout/                |             |
|    ep_len_mean          | 1.7e+03     |
|    ep_rew_mean          | 188         |
| time/                   |             |
|    fps                  | 1641        |
|    iterations           | 48          |
|    time_elapsed         | 59          |
|    total_timesteps      | 405504      |
| train/                  |             |
|    approx_kl            | 0.030362189 |
|    clip_fraction        | 0.24        |
|    clip_range           | 0.2         |
|    entropy_loss         | -1.72       |
|    explained_variance   | 0.924       |
|    learning_rate        | 0.0003      |
|    loss                 | 2.9         |
|    n_updates            | 1970        |
|    policy_gradient_loss | -0.0237     |
|    value_loss           | 6.35        |
-----------------------------------------
-----------------------------------------
| rollout/                |             |
|    ep_len_mean          | 1.7e+03     |
|    ep_rew_mean          | 188         |
| time/                   |             |
|    fps                  | 1642        |
|    iterations           | 49          |
|    time_elapsed         | 61          |
|    total_timesteps      | 407552      |
| train/                  |             |
|    approx_kl            | 0.001277618 |
|    clip_fraction        | 0.0083      |
|    clip_range           | 0.2         |
|    entropy_loss         | -1.2        |
|    explained_variance   | 0.84        |
|    learning_rate        | 0.0003      |
|    loss                 | 2.18        |
|    n_updates            | 1980        |
|    policy_gradient_loss | -0.00283    |
|    value_loss           | 14.5        |
-----------------------------------------
 100% ━━━━━━━━━━━━━━━━━━━━━━ 100,352/100,000  [ 0:01:00 < 0:00:00 , 1,584 it/s ]

  [eval @ 100,000] success=0.0% (0/12)
---------------------------------
| rollout/           |          |
|    ep_len_mean     | 1.71e+03 |
|    ep_rew_mean     | 189      |
| time/              |          |
|    fps             | 1799     |
|    iterations      | 1        |
|    time_elapsed    | 1        |
|    total_timesteps | 409600   |
---------------------------------
------------------------------------------
| rollout/                |              |
|    ep_len_mean          | 1.73e+03     |
|    ep_rew_mean          | 190          |
| time/                   |              |
|    fps                  | 1658         |
|    iterations           | 2            |
|    time_elapsed         | 2            |
|    total_timesteps      | 411648       |
| train/                  |              |
|    approx_kl            | 0.0031592716 |
|    clip_fraction        | 0.128        |
|    clip_range           | 0.2          |
|    entropy_loss         | -1.36        |
|    explained_variance   | 0.956        |
|    learning_rate        | 0.0003       |
|    loss                 | 2.38         |
|    n_updates            | 2000         |
|    policy_gradient_loss | -0.00581     |
|    value_loss           | 3.39         |
------------------------------------------
-----------------------------------------
| rollout/                |             |
|    ep_len_mean          | 1.75e+03    |
|    ep_rew_mean          | 193         |
| time/                   |             |
|    fps                  | 1624        |
|    iterations           | 3           |
|    time_elapsed         | 3           |
|    total_timesteps      | 413696      |
| train/                  |             |
|    approx_kl            | 0.005688632 |
|    clip_fraction        | 0.0271      |
|    clip_range           | 0.2         |
|    entropy_loss         | -1.28       |
|    explained_variance   | 0.93        |
|    learning_rate        | 0.0003      |
|    loss                 | 1.68        |
|    n_updates            | 2010        |
|    policy_gradient_loss | -0.00299    |
|    value_loss           | 6.1         |
-----------------------------------------
-----------------------------------------
| rollout/                |             |
|    ep_len_mean          | 1.75e+03    |
|    ep_rew_mean          | 193         |
| time/                   |             |
|    fps                  | 1642        |
|    iterations           | 4           |
|    time_elapsed         | 4           |
|    total_timesteps      | 415744      |
| train/                  |             |
|    approx_kl            | 0.019635638 |
|    clip_fraction        | 0.183       |
|    clip_range           | 0.2         |
|    entropy_loss         | -1.45       |
|    explained_variance   | 0.981       |
|    learning_rate        | 0.0003      |
|    loss                 | 0.349       |
|    n_updates            | 2020        |
|    policy_gradient_loss | -0.00944    |
|    value_loss           | 1.21        |
-----------------------------------------
------------------------------------------
| rollout/                |              |
|    ep_len_mean          | 1.76e+03     |
|    ep_rew_mean          | 191          |
| time/                   |              |
|    fps                  | 1647         |
|    iterations           | 5            |
|    time_elapsed         | 6            |
|    total_timesteps      | 417792       |
| train/                  |              |
|    approx_kl            | 0.0062731225 |
|    clip_fraction        | 0.0348       |
|    clip_range           | 0.2          |
|    entropy_loss         | -1.4         |
|    explained_variance   | 0.875        |
|    learning_rate        | 0.0003       |
|    loss                 | 1.05         |
|    n_updates            | 2030         |
|    policy_gradient_loss | -0.0043      |
|    value_loss           | 4.28         |
------------------------------------------
------------------------------------------
| rollout/                |              |
|    ep_len_mean          | 1.78e+03     |
|    ep_rew_mean          | 193          |
| time/                   |              |
|    fps                  | 1652         |
|    iterations           | 6            |
|    time_elapsed         | 7            |
|    total_timesteps      | 419840       |
| train/                  |              |
|    approx_kl            | 0.0040467717 |
|    clip_fraction        | 0.025        |
|    clip_range           | 0.2          |
|    entropy_loss         | -1.29        |
|    explained_variance   | 0.943        |
|    learning_rate        | 0.0003       |
|    loss                 | 1.88         |
|    n_updates            | 2040         |
|    policy_gradient_loss | -0.00816     |
|    value_loss           | 6.92         |
------------------------------------------
-----------------------------------------
| rollout/                |             |
|    ep_len_mean          | 1.78e+03    |
|    ep_rew_mean          | 193         |
| time/                   |             |
|    fps                  | 1653        |
|    iterations           | 7           |
|    time_elapsed         | 8           |
|    total_timesteps      | 421888      |
| train/                  |             |
|    approx_kl            | 0.010748792 |
|    clip_fraction        | 0.0263      |
|    clip_range           | 0.2         |
|    entropy_loss         | -1.23       |
|    explained_variance   | 0.933       |
|    learning_rate        | 0.0003      |
|    loss                 | 0.497       |
|    n_updates            | 2050        |
|    policy_gradient_loss | -0.00304    |
|    value_loss           | 4.76        |
-----------------------------------------
-----------------------------------------
| rollout/                |             |
|    ep_len_mean          | 1.8e+03     |
|    ep_rew_mean          | 195         |
| time/                   |             |
|    fps                  | 1653        |
|    iterations           | 8           |
|    time_elapsed         | 9           |
|    total_timesteps      | 423936      |
| train/                  |             |
|    approx_kl            | 0.026371777 |
|    clip_fraction        | 0.295       |
|    clip_range           | 0.2         |
|    entropy_loss         | -1.4        |
|    explained_variance   | 0.68        |
|    learning_rate        | 0.0003      |
|    loss                 | -0.00696    |
|    n_updates            | 2060        |
|    policy_gradient_loss | -0.0179     |
|    value_loss           | 0.0547      |
-----------------------------------------
-----------------------------------------
| rollout/                |             |
|    ep_len_mean          | 1.81e+03    |
|    ep_rew_mean          | 194         |
| time/                   |             |
|    fps                  | 1647        |
|    iterations           | 9           |
|    time_elapsed         | 11          |
|    total_timesteps      | 425984      |
| train/                  |             |
|    approx_kl            | 0.004582625 |
|    clip_fraction        | 0.158       |
|    clip_range           | 0.2         |
|    entropy_loss         | -1.27       |
|    explained_variance   | 0.936       |
|    learning_rate        | 0.0003      |
|    loss                 | 1.81        |
|    n_updates            | 2070        |
|    policy_gradient_loss | -0.00179    |
|    value_loss           | 4.32        |
-----------------------------------------
------------------------------------------
| rollout/                |              |
|    ep_len_mean          | 1.83e+03     |
|    ep_rew_mean          | 192          |
| time/                   |              |
|    fps                  | 1642         |
|    iterations           | 10           |
|    time_elapsed         | 12           |
|    total_timesteps      | 428032       |
| train/                  |              |
|    approx_kl            | 0.0035214222 |
|    clip_fraction        | 0.0141       |
|    clip_range           | 0.2          |
|    entropy_loss         | -1.31        |
|    explained_variance   | 0.963        |
|    learning_rate        | 0.0003       |
|    loss                 | 0.652        |
|    n_updates            | 2080         |
|    policy_gradient_loss | -0.00222     |
|    value_loss           | 4.27         |
------------------------------------------
------------------------------------------
| rollout/                |              |
|    ep_len_mean          | 1.83e+03     |
|    ep_rew_mean          | 192          |
| time/                   |              |
|    fps                  | 1634         |
|    iterations           | 11           |
|    time_elapsed         | 13           |
|    total_timesteps      | 430080       |
| train/                  |              |
|    approx_kl            | 0.0021025732 |
|    clip_fraction        | 0.0104       |
|    clip_range           | 0.2          |
|    entropy_loss         | -1.25        |
|    explained_variance   | 0.979        |
|    learning_rate        | 0.0003       |
|    loss                 | 0.71         |
|    n_updates            | 2090         |
|    policy_gradient_loss | -0.00655     |
|    value_loss           | 4.08         |
------------------------------------------
-----------------------------------------
| rollout/                |             |
|    ep_len_mean          | 1.85e+03    |
|    ep_rew_mean          | 192         |
| time/                   |             |
|    fps                  | 1634        |
|    iterations           | 12          |
|    time_elapsed         | 15          |
|    total_timesteps      | 432128      |
| train/                  |             |
|    approx_kl            | 0.041405924 |
|    clip_fraction        | 0.264       |
|    clip_range           | 0.2         |
|    entropy_loss         | -1.38       |
|    explained_variance   | 0.919       |
|    learning_rate        | 0.0003      |
|    loss                 | -0.019      |
|    n_updates            | 2100        |
|    policy_gradient_loss | -0.019      |
|    value_loss           | 0.0107      |
-----------------------------------------
------------------------------------------
| rollout/                |              |
|    ep_len_mean          | 1.86e+03     |
|    ep_rew_mean          | 194          |
| time/                   |              |
|    fps                  | 1639         |
|    iterations           | 13           |
|    time_elapsed         | 16           |
|    total_timesteps      | 434176       |
| train/                  |              |
|    approx_kl            | 0.0048725004 |
|    clip_fraction        | 0.0206       |
|    clip_range           | 0.2          |
|    entropy_loss         | -1.23        |
|    explained_variance   | 0.99         |
|    learning_rate        | 0.0003       |
|    loss                 | 2.35         |
|    n_updates            | 2110         |
|    policy_gradient_loss | -0.00319     |
|    value_loss           | 2.82         |
------------------------------------------
-----------------------------------------
| rollout/                |             |
|    ep_len_mean          | 1.88e+03    |
|    ep_rew_mean          | 193         |
| time/                   |             |
|    fps                  | 1642        |
|    iterations           | 14          |
|    time_elapsed         | 17          |
|    total_timesteps      | 436224      |
| train/                  |             |
|    approx_kl            | 0.002930989 |
|    clip_fraction        | 0.0164      |
|    clip_range           | 0.2         |
|    entropy_loss         | -1.27       |
|    explained_variance   | 0.928       |
|    learning_rate        | 0.0003      |
|    loss                 | 4.31        |
|    n_updates            | 2120        |
|    policy_gradient_loss | -0.00577    |
|    value_loss           | 14          |
-----------------------------------------
-----------------------------------------
| rollout/                |             |
|    ep_len_mean          | 1.88e+03    |
|    ep_rew_mean          | 193         |
| time/                   |             |
|    fps                  | 1647        |
|    iterations           | 15          |
|    time_elapsed         | 18          |
|    total_timesteps      | 438272      |
| train/                  |             |
|    approx_kl            | 0.009617155 |
|    clip_fraction        | 0.0341      |
|    clip_range           | 0.2         |
|    entropy_loss         | -1.28       |
|    explained_variance   | 0.917       |
|    learning_rate        | 0.0003      |
|    loss                 | 1.18        |
|    n_updates            | 2130        |
|    policy_gradient_loss | -0.00274    |
|    value_loss           | 5.46        |
-----------------------------------------
----------------------------------------
| rollout/                |            |
|    ep_len_mean          | 1.9e+03    |
|    ep_rew_mean          | 194        |
| time/                   |            |
|    fps                  | 1654       |
|    iterations           | 16         |
|    time_elapsed         | 19         |
|    total_timesteps      | 440320     |
| train/                  |            |
|    approx_kl            | 0.02936076 |
|    clip_fraction        | 0.279      |
|    clip_range           | 0.2        |
|    entropy_loss         | -1.39      |
|    explained_variance   | -0.0128    |
|    learning_rate        | 0.0003     |
|    loss                 | -0.00364   |
|    n_updates            | 2140       |
|    policy_gradient_loss | -0.0191    |
|    value_loss           | 0.0572     |
----------------------------------------
------------------------------------------
| rollout/                |              |
|    ep_len_mean          | 1.92e+03     |
|    ep_rew_mean          | 195          |
| time/                   |              |
|    fps                  | 1662         |
|    iterations           | 17           |
|    time_elapsed         | 20           |
|    total_timesteps      | 442368       |
| train/                  |              |
|    approx_kl            | 0.0073526343 |
|    clip_fraction        | 0.128        |
|    clip_range           | 0.2          |
|    entropy_loss         | -1.11        |
|    explained_variance   | 0.851        |
|    learning_rate        | 0.0003       |
|    loss                 | 6.6          |
|    n_updates            | 2150         |
|    policy_gradient_loss | -0.00404     |
|    value_loss           | 29.8         |
------------------------------------------
------------------------------------------
| rollout/                |              |
|    ep_len_mean          | 1.93e+03     |
|    ep_rew_mean          | 196          |
| time/                   |              |
|    fps                  | 1663         |
|    iterations           | 18           |
|    time_elapsed         | 22           |
|    total_timesteps      | 444416       |
| train/                  |              |
|    approx_kl            | 0.0038064928 |
|    clip_fraction        | 0.0166       |
|    clip_range           | 0.2          |
|    entropy_loss         | -1.13        |
|    explained_variance   | 0.934        |
|    learning_rate        | 0.0003       |
|    loss                 | 2.63         |
|    n_updates            | 2160         |
|    policy_gradient_loss | -0.00664     |
|    value_loss           | 5.63         |
------------------------------------------
-----------------------------------------
| rollout/                |             |
|    ep_len_mean          | 1.93e+03    |
|    ep_rew_mean          | 196         |
| time/                   |             |
|    fps                  | 1666        |
|    iterations           | 19          |
|    time_elapsed         | 23          |
|    total_timesteps      | 446464      |
| train/                  |             |
|    approx_kl            | 0.018002417 |
|    clip_fraction        | 0.236       |
|    clip_range           | 0.2         |
|    entropy_loss         | -1.37       |
|    explained_variance   | 0.999       |
|    learning_rate        | 0.0003      |
|    loss                 | 0.00087     |
|    n_updates            | 2170        |
|    policy_gradient_loss | -0.0103     |
|    value_loss           | 0.028       |
-----------------------------------------
------------------------------------------
| rollout/                |              |
|    ep_len_mean          | 1.95e+03     |
|    ep_rew_mean          | 196          |
| time/                   |              |
|    fps                  | 1670         |
|    iterations           | 20           |
|    time_elapsed         | 24           |
|    total_timesteps      | 448512       |
| train/                  |              |
|    approx_kl            | 0.0033064606 |
|    clip_fraction        | 0.13         |
|    clip_range           | 0.2          |
|    entropy_loss         | -1.35        |
|    explained_variance   | 0.933        |
|    learning_rate        | 0.0003       |
|    loss                 | 1.97         |
|    n_updates            | 2180         |
|    policy_gradient_loss | -0.00216     |
|    value_loss           | 6.94         |
------------------------------------------
------------------------------------------
| rollout/                |              |
|    ep_len_mean          | 1.97e+03     |
|    ep_rew_mean          | 199          |
| time/                   |              |
|    fps                  | 1678         |
|    iterations           | 21           |
|    time_elapsed         | 25           |
|    total_timesteps      | 450560       |
| train/                  |              |
|    approx_kl            | 0.0017143786 |
|    clip_fraction        | 0.0102       |
|    clip_range           | 0.2          |
|    entropy_loss         | -1.05        |
|    explained_variance   | 0.921        |
|    learning_rate        | 0.0003       |
|    loss                 | 4.94         |
|    n_updates            | 2190         |
|    policy_gradient_loss | -0.00444     |
|    value_loss           | 14.9         |
------------------------------------------
------------------------------------------
| rollout/                |              |
|    ep_len_mean          | 1.97e+03     |
|    ep_rew_mean          | 199          |
| time/                   |              |
|    fps                  | 1686         |
|    iterations           | 22           |
|    time_elapsed         | 26           |
|    total_timesteps      | 452608       |
| train/                  |              |
|    approx_kl            | 0.0020923803 |
|    clip_fraction        | 0.00601      |
|    clip_range           | 0.2          |
|    entropy_loss         | -0.979       |
|    explained_variance   | 0.959        |
|    learning_rate        | 0.0003       |
|    loss                 | 1.97         |
|    n_updates            | 2200         |
|    policy_gradient_loss | -0.00226     |
|    value_loss           | 7.49         |
------------------------------------------
-----------------------------------------
| rollout/                |             |
|    ep_len_mean          | 1.98e+03    |
|    ep_rew_mean          | 199         |
| time/                   |             |
|    fps                  | 1692        |
|    iterations           | 23          |
|    time_elapsed         | 27          |
|    total_timesteps      | 454656      |
| train/                  |             |
|    approx_kl            | 0.004118961 |
|    clip_fraction        | 0.0187      |
|    clip_range           | 0.2         |
|    entropy_loss         | -1.08       |
|    explained_variance   | 0.878       |
|    learning_rate        | 0.0003      |
|    loss                 | 3.9         |
|    n_updates            | 2210        |
|    policy_gradient_loss | -0.00595    |
|    value_loss           | 8.24        |
-----------------------------------------
------------------------------------------
| rollout/                |              |
|    ep_len_mean          | 2e+03        |
|    ep_rew_mean          | 204          |
| time/                   |              |
|    fps                  | 1697         |
|    iterations           | 24           |
|    time_elapsed         | 28           |
|    total_timesteps      | 456704       |
| train/                  |              |
|    approx_kl            | 0.0017900344 |
|    clip_fraction        | 0.00688      |
|    clip_range           | 0.2          |
|    entropy_loss         | -0.967       |
|    explained_variance   | 0.973        |
|    learning_rate        | 0.0003       |
|    loss                 | 3.15         |
|    n_updates            | 2220         |
|    policy_gradient_loss | -0.0043      |
|    value_loss           | 7.46         |
------------------------------------------
------------------------------------------
| rollout/                |              |
|    ep_len_mean          | 2.02e+03     |
|    ep_rew_mean          | 205          |
| time/                   |              |
|    fps                  | 1703         |
|    iterations           | 25           |
|    time_elapsed         | 30           |
|    total_timesteps      | 458752       |
| train/                  |              |
|    approx_kl            | 0.0013020133 |
|    clip_fraction        | 0.00566      |
|    clip_range           | 0.2          |
|    entropy_loss         | -0.99        |
|    explained_variance   | 0.98         |
|    learning_rate        | 0.0003       |
|    loss                 | 3.02         |
|    n_updates            | 2230         |
|    policy_gradient_loss | -0.00347     |
|    value_loss           | 8.46         |
------------------------------------------
-----------------------------------------
| rollout/                |             |
|    ep_len_mean          | 2.02e+03    |
|    ep_rew_mean          | 205         |
| time/                   |             |
|    fps                  | 1708        |
|    iterations           | 26          |
|    time_elapsed         | 31          |
|    total_timesteps      | 460800      |
| train/                  |             |
|    approx_kl            | 0.009253643 |
|    clip_fraction        | 0.0707      |
|    clip_range           | 0.2         |
|    entropy_loss         | -1.06       |
|    explained_variance   | 0.992       |
|    learning_rate        | 0.0003      |
|    loss                 | 2           |
|    n_updates            | 2240        |
|    policy_gradient_loss | -0.00867    |
|    value_loss           | 3.08        |
-----------------------------------------
------------------------------------------
| rollout/                |              |
|    ep_len_mean          | 2.04e+03     |
|    ep_rew_mean          | 208          |
| time/                   |              |
|    fps                  | 1703         |
|    iterations           | 27           |
|    time_elapsed         | 32           |
|    total_timesteps      | 462848       |
| train/                  |              |
|    approx_kl            | 0.0012241674 |
|    clip_fraction        | 0.00298      |
|    clip_range           | 0.2          |
|    entropy_loss         | -1.01        |
|    explained_variance   | 0.963        |
|    learning_rate        | 0.0003       |
|    loss                 | 1.09         |
|    n_updates            | 2250         |
|    policy_gradient_loss | -0.00281     |
|    value_loss           | 4.31         |
------------------------------------------
-----------------------------------------
| rollout/                |             |
|    ep_len_mean          | 2.05e+03    |
|    ep_rew_mean          | 206         |
| time/                   |             |
|    fps                  | 1705        |
|    iterations           | 28          |
|    time_elapsed         | 33          |
|    total_timesteps      | 464896      |
| train/                  |             |
|    approx_kl            | 0.009781176 |
|    clip_fraction        | 0.0911      |
|    clip_range           | 0.2         |
|    entropy_loss         | -1.31       |
|    explained_variance   | 0.949       |
|    learning_rate        | 0.0003      |
|    loss                 | 2.67        |
|    n_updates            | 2260        |
|    policy_gradient_loss | -0.00638    |
|    value_loss           | 5.9         |
-----------------------------------------
-----------------------------------------
| rollout/                |             |
|    ep_len_mean          | 2.07e+03    |
|    ep_rew_mean          | 206         |
| time/                   |             |
|    fps                  | 1710        |
|    iterations           | 29          |
|    time_elapsed         | 34          |
|    total_timesteps      | 466944      |
| train/                  |             |
|    approx_kl            | 0.000985034 |
|    clip_fraction        | 0.00303     |
|    clip_range           | 0.2         |
|    entropy_loss         | -1.07       |
|    explained_variance   | 0.882       |
|    learning_rate        | 0.0003      |
|    loss                 | 12.4        |
|    n_updates            | 2270        |
|    policy_gradient_loss | -0.00203    |
|    value_loss           | 28.1        |
-----------------------------------------
-----------------------------------------
| rollout/                |             |
|    ep_len_mean          | 2.07e+03    |
|    ep_rew_mean          | 206         |
| time/                   |             |
|    fps                  | 1708        |
|    iterations           | 30          |
|    time_elapsed         | 35          |
|    total_timesteps      | 468992      |
| train/                  |             |
|    approx_kl            | 0.019273875 |
|    clip_fraction        | 0.137       |
|    clip_range           | 0.2         |
|    entropy_loss         | -1.1        |
|    explained_variance   | 0.988       |
|    learning_rate        | 0.0003      |
|    loss                 | 0.264       |
|    n_updates            | 2280        |
|    policy_gradient_loss | -0.0112     |
|    value_loss           | 0.728       |
-----------------------------------------
----------------------------------------
| rollout/                |            |
|    ep_len_mean          | 2.09e+03   |
|    ep_rew_mean          | 206        |
| time/                   |            |
|    fps                  | 1697       |
|    iterations           | 31         |
|    time_elapsed         | 37         |
|    total_timesteps      | 471040     |
| train/                  |            |
|    approx_kl            | 0.01449202 |
|    clip_fraction        | 0.137      |
|    clip_range           | 0.2        |
|    entropy_loss         | -1.28      |
|    explained_variance   | 0.946      |
|    learning_rate        | 0.0003     |
|    loss                 | 0.63       |
|    n_updates            | 2290       |
|    policy_gradient_loss | -0.00689   |
|    value_loss           | 4.95       |
----------------------------------------
-----------------------------------------
| rollout/                |             |
|    ep_len_mean          | 2.1e+03     |
|    ep_rew_mean          | 207         |
| time/                   |             |
|    fps                  | 1693        |
|    iterations           | 32          |
|    time_elapsed         | 38          |
|    total_timesteps      | 473088      |
| train/                  |             |
|    approx_kl            | 0.004192331 |
|    clip_fraction        | 0.0423      |
|    clip_range           | 0.2         |
|    entropy_loss         | -1.2        |
|    explained_variance   | 0.931       |
|    learning_rate        | 0.0003      |
|    loss                 | 2.66        |
|    n_updates            | 2300        |
|    policy_gradient_loss | -0.00729    |
|    value_loss           | 13.2        |
-----------------------------------------
-----------------------------------------
| rollout/                |             |
|    ep_len_mean          | 2.1e+03     |
|    ep_rew_mean          | 207         |
| time/                   |             |
|    fps                  | 1688        |
|    iterations           | 33          |
|    time_elapsed         | 40          |
|    total_timesteps      | 475136      |
| train/                  |             |
|    approx_kl            | 0.007907523 |
|    clip_fraction        | 0.0408      |
|    clip_range           | 0.2         |
|    entropy_loss         | -1.1        |
|    explained_variance   | 0.973       |
|    learning_rate        | 0.0003      |
|    loss                 | 0.4         |
|    n_updates            | 2310        |
|    policy_gradient_loss | -0.00377    |
|    value_loss           | 4.41        |
-----------------------------------------
-----------------------------------------
| rollout/                |             |
|    ep_len_mean          | 2.12e+03    |
|    ep_rew_mean          | 207         |
| time/                   |             |
|    fps                  | 1683        |
|    iterations           | 34          |
|    time_elapsed         | 41          |
|    total_timesteps      | 477184      |
| train/                  |             |
|    approx_kl            | 0.048048027 |
|    clip_fraction        | 0.348       |
|    clip_range           | 0.2         |
|    entropy_loss         | -1.34       |
|    explained_variance   | 0.868       |
|    learning_rate        | 0.0003      |
|    loss                 | -0.0446     |
|    n_updates            | 2320        |
|    policy_gradient_loss | -0.0217     |
|    value_loss           | 0.0229      |
-----------------------------------------
-----------------------------------------
| rollout/                |             |
|    ep_len_mean          | 2.14e+03    |
|    ep_rew_mean          | 206         |
| time/                   |             |
|    fps                  | 1680        |
|    iterations           | 35          |
|    time_elapsed         | 42          |
|    total_timesteps      | 479232      |
| train/                  |             |
|    approx_kl            | 0.012600809 |
|    clip_fraction        | 0.0706      |
|    clip_range           | 0.2         |
|    entropy_loss         | -1.35       |
|    explained_variance   | 0.983       |
|    learning_rate        | 0.0003      |
|    loss                 | 2.38        |
|    n_updates            | 2330        |
|    policy_gradient_loss | -0.00259    |
|    value_loss           | 4.43        |
-----------------------------------------
-----------------------------------------
| rollout/                |             |
|    ep_len_mean          | 2.15e+03    |
|    ep_rew_mean          | 207         |
| time/                   |             |
|    fps                  | 1681        |
|    iterations           | 36          |
|    time_elapsed         | 43          |
|    total_timesteps      | 481280      |
| train/                  |             |
|    approx_kl            | 0.003404424 |
|    clip_fraction        | 0.00371     |
|    clip_range           | 0.2         |
|    entropy_loss         | -1.24       |
|    explained_variance   | 0.972       |
|    learning_rate        | 0.0003      |
|    loss                 | 2.02        |
|    n_updates            | 2340        |
|    policy_gradient_loss | -0.00353    |
|    value_loss           | 7.15        |
-----------------------------------------
------------------------------------------
| rollout/                |              |
|    ep_len_mean          | 2.15e+03     |
|    ep_rew_mean          | 207          |
| time/                   |              |
|    fps                  | 1680         |
|    iterations           | 37           |
|    time_elapsed         | 45           |
|    total_timesteps      | 483328       |
| train/                  |              |
|    approx_kl            | 0.0054325345 |
|    clip_fraction        | 0.0292       |
|    clip_range           | 0.2          |
|    entropy_loss         | -1.21        |
|    explained_variance   | 0.969        |
|    learning_rate        | 0.0003       |
|    loss                 | 1.82         |
|    n_updates            | 2350         |
|    policy_gradient_loss | -0.00973     |
|    value_loss           | 6.96         |
------------------------------------------
-----------------------------------------
| rollout/                |             |
|    ep_len_mean          | 2.17e+03    |
|    ep_rew_mean          | 208         |
| time/                   |             |
|    fps                  | 1677        |
|    iterations           | 38          |
|    time_elapsed         | 46          |
|    total_timesteps      | 485376      |
| train/                  |             |
|    approx_kl            | 0.020444132 |
|    clip_fraction        | 0.169       |
|    clip_range           | 0.2         |
|    entropy_loss         | -1.37       |
|    explained_variance   | -0.29       |
|    learning_rate        | 0.0003      |
|    loss                 | 16          |
|    n_updates            | 2360        |
|    policy_gradient_loss | -0.0192     |
|    value_loss           | 52.6        |
-----------------------------------------
-----------------------------------------
| rollout/                |             |
|    ep_len_mean          | 2.19e+03    |
|    ep_rew_mean          | 208         |
| time/                   |             |
|    fps                  | 1679        |
|    iterations           | 39          |
|    time_elapsed         | 47          |
|    total_timesteps      | 487424      |
| train/                  |             |
|    approx_kl            | 0.014560732 |
|    clip_fraction        | 0.14        |
|    clip_range           | 0.2         |
|    entropy_loss         | -1.36       |
|    explained_variance   | 0.958       |
|    learning_rate        | 0.0003      |
|    loss                 | 1.38        |
|    n_updates            | 2370        |
|    policy_gradient_loss | -0.0169     |
|    value_loss           | 5.94        |
-----------------------------------------
------------------------------------------
| rollout/                |              |
|    ep_len_mean          | 2.2e+03      |
|    ep_rew_mean          | 210          |
| time/                   |              |
|    fps                  | 1682         |
|    iterations           | 40           |
|    time_elapsed         | 48           |
|    total_timesteps      | 489472       |
| train/                  |              |
|    approx_kl            | 0.0025617026 |
|    clip_fraction        | 0.00728      |
|    clip_range           | 0.2          |
|    entropy_loss         | -1.11        |
|    explained_variance   | 0.934        |
|    learning_rate        | 0.0003       |
|    loss                 | 2.87         |
|    n_updates            | 2380         |
|    policy_gradient_loss | -0.00564     |
|    value_loss           | 9.04         |
------------------------------------------
-----------------------------------------
| rollout/                |             |
|    ep_len_mean          | 2.2e+03     |
|    ep_rew_mean          | 210         |
| time/                   |             |
|    fps                  | 1683        |
|    iterations           | 41          |
|    time_elapsed         | 49          |
|    total_timesteps      | 491520      |
| train/                  |             |
|    approx_kl            | 0.013921751 |
|    clip_fraction        | 0.0597      |
|    clip_range           | 0.2         |
|    entropy_loss         | -1.17       |
|    explained_variance   | 0.98        |
|    learning_rate        | 0.0003      |
|    loss                 | 1.76        |
|    n_updates            | 2390        |
|    policy_gradient_loss | -0.00762    |
|    value_loss           | 3.08        |
-----------------------------------------
----------------------------------------
| rollout/                |            |
|    ep_len_mean          | 2.22e+03   |
|    ep_rew_mean          | 211        |
| time/                   |            |
|    fps                  | 1682       |
|    iterations           | 42         |
|    time_elapsed         | 51         |
|    total_timesteps      | 493568     |
| train/                  |            |
|    approx_kl            | 0.00526719 |
|    clip_fraction        | 0.0257     |
|    clip_range           | 0.2        |
|    entropy_loss         | -1.17      |
|    explained_variance   | 0.918      |
|    learning_rate        | 0.0003     |
|    loss                 | 1.62       |
|    n_updates            | 2400       |
|    policy_gradient_loss | -0.00688   |
|    value_loss           | 4.92       |
----------------------------------------
------------------------------------------
| rollout/                |              |
|    ep_len_mean          | 2.24e+03     |
|    ep_rew_mean          | 212          |
| time/                   |              |
|    fps                  | 1678         |
|    iterations           | 43           |
|    time_elapsed         | 52           |
|    total_timesteps      | 495616       |
| train/                  |              |
|    approx_kl            | 0.0026001008 |
|    clip_fraction        | 0.00537      |
|    clip_range           | 0.2          |
|    entropy_loss         | -1.32        |
|    explained_variance   | 0.971        |
|    learning_rate        | 0.0003       |
|    loss                 | 2.78         |
|    n_updates            | 2410         |
|    policy_gradient_loss | -0.00149     |
|    value_loss           | 7.19         |
------------------------------------------
------------------------------------------
| rollout/                |              |
|    ep_len_mean          | 2.26e+03     |
|    ep_rew_mean          | 214          |
| time/                   |              |
|    fps                  | 1676         |
|    iterations           | 44           |
|    time_elapsed         | 53           |
|    total_timesteps      | 497664       |
| train/                  |              |
|    approx_kl            | 0.0027904161 |
|    clip_fraction        | 0.00957      |
|    clip_range           | 0.2          |
|    entropy_loss         | -1.31        |
|    explained_variance   | 0.981        |
|    learning_rate        | 0.0003       |
|    loss                 | 0.973        |
|    n_updates            | 2420         |
|    policy_gradient_loss | -0.00599     |
|    value_loss           | 4.09         |
------------------------------------------
-----------------------------------------
| rollout/                |             |
|    ep_len_mean          | 2.26e+03    |
|    ep_rew_mean          | 214         |
| time/                   |             |
|    fps                  | 1674        |
|    iterations           | 45          |
|    time_elapsed         | 55          |
|    total_timesteps      | 499712      |
| train/                  |             |
|    approx_kl            | 0.019383315 |
|    clip_fraction        | 0.152       |
|    clip_range           | 0.2         |
|    entropy_loss         | -1.42       |
|    explained_variance   | 0.998       |
|    learning_rate        | 0.0003      |
|    loss                 | -0.000665   |
|    n_updates            | 2430        |
|    policy_gradient_loss | -0.00723    |
|    value_loss           | 0.106       |
-----------------------------------------
-----------------------------------------
| rollout/                |             |
|    ep_len_mean          | 2.27e+03    |
|    ep_rew_mean          | 213         |
| time/                   |             |
|    fps                  | 1675        |
|    iterations           | 46          |
|    time_elapsed         | 56          |
|    total_timesteps      | 501760      |
| train/                  |             |
|    approx_kl            | 0.010429161 |
|    clip_fraction        | 0.329       |
|    clip_range           | 0.2         |
|    entropy_loss         | -1.3        |
|    explained_variance   | 0.984       |
|    learning_rate        | 0.0003      |
|    loss                 | 1.16        |
|    n_updates            | 2440        |
|    policy_gradient_loss | -0.00446    |
|    value_loss           | 4.26        |
-----------------------------------------
------------------------------------------
| rollout/                |              |
|    ep_len_mean          | 2.29e+03     |
|    ep_rew_mean          | 214          |
| time/                   |              |
|    fps                  | 1679         |
|    iterations           | 47           |
|    time_elapsed         | 57           |
|    total_timesteps      | 503808       |
| train/                  |              |
|    approx_kl            | 0.0021637427 |
|    clip_fraction        | 0.00815      |
|    clip_range           | 0.2          |
|    entropy_loss         | -1.16        |
|    explained_variance   | 0.951        |
|    learning_rate        | 0.0003       |
|    loss                 | 6.1          |
|    n_updates            | 2450         |
|    policy_gradient_loss | -0.00457     |
|    value_loss           | 15.7         |
------------------------------------------
------------------------------------------
| rollout/                |              |
|    ep_len_mean          | 2.29e+03     |
|    ep_rew_mean          | 214          |
| time/                   |              |
|    fps                  | 1683         |
|    iterations           | 48           |
|    time_elapsed         | 58           |
|    total_timesteps      | 505856       |
| train/                  |              |
|    approx_kl            | 0.0039320136 |
|    clip_fraction        | 0.0166       |
|    clip_range           | 0.2          |
|    entropy_loss         | -1.18        |
|    explained_variance   | 0.968        |
|    learning_rate        | 0.0003       |
|    loss                 | 1.59         |
|    n_updates            | 2460         |
|    policy_gradient_loss | -0.00681     |
|    value_loss           | 5.86         |
------------------------------------------
----------------------------------------
| rollout/                |            |
|    ep_len_mean          | 2.31e+03   |
|    ep_rew_mean          | 218        |
| time/                   |            |
|    fps                  | 1678       |
|    iterations           | 49         |
|    time_elapsed         | 59         |
|    total_timesteps      | 507904     |
| train/                  |            |
|    approx_kl            | 0.01584741 |
|    clip_fraction        | 0.14       |
|    clip_range           | 0.2        |
|    entropy_loss         | -1.38      |
|    explained_variance   | 0.52       |
|    learning_rate        | 0.0003     |
|    loss                 | 0.137      |
|    n_updates            | 2470       |
|    policy_gradient_loss | -0.0155    |
|    value_loss           | 0.969      |
----------------------------------------
 100% ━━━━━━━━━━━━━━━━━━━━━━ 100,352/100,000  [ 0:00:59 < 0:00:00 , 1,647 it/s ]

  [eval @ 200,000] success=0.0% (0/12)
  [eval final] success=0.0%
[PPO-Random] 阶段 random_500 完成，耗时 155.2s
{
  "model_path": "/Users/zhangzongyu/Desktop/RL/sprint3/outputs/models/ppo_random.zip",
  "curriculum": "/Users/zhangzongyu/Desktop/RL/sprint3/configs/ppo_random_curriculum.yaml",
  "mode": "random_map_pool",
  "total_wall_time_sec": 2424.6543487080016,
  "total_timesteps": 500000,
  "stages": [
    {
      "stage": "random_96",
      "grid": "96×96",
      "map_pool_size": 20,
      "holdout_maps": 10,
      "mean_pool_obstacle_ratio": 0.24638129340277776,
      "timesteps": 80000,
      "max_episode_steps": 280,
      "wall_time_sec": 52.3486625000005,
      "holdout_eval": {
        "maps": 10,
        "episodes_per_map": 2,
        "total_episodes": 20,
        "success_rate": 0.5,
        "mean_path_cost_on_success": 142.9366665816369,
        "mean_steps_on_success": 123.8,
        "successes": 10
      }
    },
    {
      "stage": "random_192",
      "grid": "192×192",
      "map_pool_size": 18,
      "holdout_maps": 8,
      "mean_pool_obstacle_ratio": 0.20265480324074076,
      "timesteps": 100000,
      "max_episode_steps": 520,
      "wall_time_sec": 66.86431741599881,
      "holdout_eval": {
        "maps": 8,
        "episodes_per_map": 2,
        "total_episodes": 16,
        "success_rate": 0.0,
        "mean_path_cost_on_success": null,
        "mean_steps_on_success": null,
        "successes": 0
      }
    },
    {
      "stage": "random_384",
      "grid": "384×384",
      "map_pool_size": 14,
      "holdout_maps": 6,
      "mean_pool_obstacle_ratio": 0.22000315832713294,
      "timesteps": 120000,
      "max_episode_steps": 1100,
      "wall_time_sec": 86.80516637499932,
      "holdout_eval": {
        "maps": 6,
        "episodes_per_map": 2,
        "total_episodes": 12,
        "success_rate": 0.0,
        "mean_path_cost_on_success": null,
        "mean_steps_on_success": null,
        "successes": 0
      }
    },
    {
      "stage": "random_500",
      "grid": "500×500",
      "map_pool_size": 12,
      "holdout_maps": 6,
      "mean_pool_obstacle_ratio": 0.25782066666666664,
      "timesteps": 200000,
      "max_episode_steps": 2800,
      "wall_time_sec": 155.16907891699884,
      "holdout_eval": {
        "maps": 6,
        "episodes_per_map": 2,
        "total_episodes": 12,
        "success_rate": 0.0,
        "mean_path_cost_on_success": null,
        "mean_steps_on_success": null,
        "successes": 0
      }
    }
  ],
  "eval_checkpoints": [
    {
      "stage": "random_96",
      "checkpoint_timesteps": 40000,
      "maps": 10,
      "episodes_per_map": 2,
      "total_episodes": 20,
      "success_rate": 0.6,
      "mean_path_cost_on_success": 155.77649104842422,
      "mean_steps_on_success": 143.83333333333334,
      "successes": 12
    },
    {
      "stage": "random_96",
      "checkpoint_timesteps": 80000,
      "maps": 10,
      "episodes_per_map": 2,
      "total_episodes": 20,
      "success_rate": 0.5,
      "mean_path_cost_on_success": 142.9366665816369,
      "mean_steps_on_success": 123.8,
      "successes": 10
    },
    {
      "stage": "random_96",
      "checkpoint": "final",
      "maps": 10,
      "episodes_per_map": 2,
      "total_episodes": 20,
      "success_rate": 0.5,
      "mean_path_cost_on_success": 142.9366665816369,
      "mean_steps_on_success": 123.8,
      "successes": 10
    },
    {
      "stage": "random_192",
      "checkpoint_timesteps": 50000,
      "maps": 8,
      "episodes_per_map": 2,
      "total_episodes": 16,
      "success_rate": 0.125,
      "mean_path_cost_on_success": 285.0193359837567,
      "mean_steps_on_success": 232.0,
      "successes": 2
    },
    {
      "stage": "random_192",
      "checkpoint_timesteps": 100000,
      "maps": 8,
      "episodes_per_map": 2,
      "total_episodes": 16,
      "success_rate": 0.0,
      "mean_path_cost_on_success": null,
      "mean_steps_on_success": null,
      "successes": 0
    },
    {
      "stage": "random_192",
      "checkpoint": "final",
      "maps": 8,
      "episodes_per_map": 2,
      "total_episodes": 16,
      "success_rate": 0.0,
      "mean_path_cost_on_success": null,
      "mean_steps_on_success": null,
      "successes": 0
    },
    {
      "stage": "random_384",
      "checkpoint_timesteps": 60000,
      "maps": 6,
      "episodes_per_map": 2,
      "total_episodes": 12,
      "success_rate": 0.0,
      "mean_path_cost_on_success": null,
      "mean_steps_on_success": null,
      "successes": 0
    },
    {
      "stage": "random_384",
      "checkpoint_timesteps": 120000,
      "maps": 6,
      "episodes_per_map": 2,
      "total_episodes": 12,
      "success_rate": 0.0,
      "mean_path_cost_on_success": null,
      "mean_steps_on_success": null,
      "successes": 0
    },
    {
      "stage": "random_384",
      "checkpoint": "final",
      "maps": 6,
      "episodes_per_map": 2,
      "total_episodes": 12,
      "success_rate": 0.0,
      "mean_path_cost_on_success": null,
      "mean_steps_on_success": null,
      "successes": 0
    },
    {
      "stage": "random_500",
      "checkpoint_timesteps": 100000,
      "maps": 6,
      "episodes_per_map": 2,
      "total_episodes": 12,
      "success_rate": 0.0,
      "mean_path_cost_on_success": null,
      "mean_steps_on_success": null,
      "successes": 0
    },
    {
      "stage": "random_500",
      "checkpoint_timesteps": 200000,
      "maps": 6,
      "episodes_per_map": 2,
      "total_episodes": 12,
      "success_rate": 0.0,
      "mean_path_cost_on_success": null,
      "mean_steps_on_success": null,
      "successes": 0
    },
    {
      "stage": "random_500",
      "checkpoint": "final",
      "maps": 6,
      "episodes_per_map": 2,
      "total_episodes": 12,
      "success_rate": 0.0,
      "mean_path_cost_on_success": null,
      "mean_steps_on_success": null,
      "successes": 0
    }
  ]
}
