[PPO-Random] 课程: ppo_finish.yaml
[PPO-Random] 模型: /Users/zhangzongyu/Desktop/RL/sprint3/outputs/models/ppo_random.zip
[PPO-Random] 日志: /Users/zhangzongyu/Desktop/RL/sprint3/outputs/results/ppo_random_train.json
Traceback (most recent call last):
  File "/opt/anaconda3/lib/python3.12/site-packages/tensorboard/compat/__init__.py", line 42, in tf
    from tensorboard.compat import notf  # noqa: F401
    ^^^^^^^^^^^^^^^^^^^^^^^^^^^^^^^^^^^
ImportError: cannot import name 'notf' from 'tensorboard.compat' (/opt/anaconda3/lib/python3.12/site-packages/tensorboard/compat/__init__.py)

During handling of the above exception, another exception occurred:

AttributeError: 'MessageFactory' object has no attribute 'GetPrototype'
Traceback (most recent call last):
  File "/opt/anaconda3/lib/python3.12/site-packages/tensorboard/compat/__init__.py", line 42, in tf
    from tensorboard.compat import notf  # noqa: F401
    ^^^^^^^^^^^^^^^^^^^^^^^^^^^^^^^^^^^
ImportError: cannot import name 'notf' from 'tensorboard.compat' (/opt/anaconda3/lib/python3.12/site-packages/tensorboard/compat/__init__.py)

During handling of the above exception, another exception occurred:

AttributeError: 'MessageFactory' object has no attribute 'GetPrototype'
Traceback (most recent call last):
  File "/opt/anaconda3/lib/python3.12/site-packages/tensorboard/compat/__init__.py", line 42, in tf
    from tensorboard.compat import notf  # noqa: F401
    ^^^^^^^^^^^^^^^^^^^^^^^^^^^^^^^^^^^
ImportError: cannot import name 'notf' from 'tensorboard.compat' (/opt/anaconda3/lib/python3.12/site-packages/tensorboard/compat/__init__.py)

During handling of the above exception, another exception occurred:

AttributeError: 'MessageFactory' object has no attribute 'GetPrototype'
Traceback (most recent call last):
  File "/opt/anaconda3/lib/python3.12/site-packages/tensorboard/compat/__init__.py", line 42, in tf
    from tensorboard.compat import notf  # noqa: F401
    ^^^^^^^^^^^^^^^^^^^^^^^^^^^^^^^^^^^
ImportError: cannot import name 'notf' from 'tensorboard.compat' (/opt/anaconda3/lib/python3.12/site-packages/tensorboard/compat/__init__.py)

During handling of the above exception, another exception occurred:

AttributeError: 'MessageFactory' object has no attribute 'GetPrototype'
Traceback (most recent call last):
  File "/opt/anaconda3/lib/python3.12/site-packages/tensorboard/compat/__init__.py", line 42, in tf
    from tensorboard.compat import notf  # noqa: F401
    ^^^^^^^^^^^^^^^^^^^^^^^^^^^^^^^^^^^
ImportError: cannot import name 'notf' from 'tensorboard.compat' (/opt/anaconda3/lib/python3.12/site-packages/tensorboard/compat/__init__.py)

During handling of the above exception, another exception occurred:

AttributeError: 'MessageFactory' object has no attribute 'GetPrototype'
[PPO-Random] 继续训练: /Users/zhangzongyu/Desktop/RL/sprint3/outputs/models/ppo_random.zip

[PPO-Random] 生成训练地图池 32 张 …
  完成，耗时 100.4s | 示例障碍占比 25.4%

============================================================
[PPO-Random] 阶段 1/3 | pool_100
  规模: 100×100 | 训练池: 32 | 留出评测: 10
  train steps: 300,000 | max_episode_steps: 450
============================================================
/opt/anaconda3/lib/python3.12/site-packages/transformers/utils/hub.py:128: FutureWarning: Using `TRANSFORMERS_CACHE` is deprecated and will be removed in v5 of Transformers. Use `HF_HOME` instead.
  warnings.warn(
---------------------------------
| rollout/           |          |
|    ep_len_mean     | 430      |
|    ep_rew_mean     | 184      |
| time/              |          |
|    fps             | 2005     |
|    iterations      | 1        |
|    time_elapsed    | 1        |
|    total_timesteps | 886784   |
---------------------------------
-----------------------------------------
| rollout/                |             |
|    ep_len_mean          | 423         |
|    ep_rew_mean          | 184         |
| time/                   |             |
|    fps                  | 1758        |
|    iterations           | 2           |
|    time_elapsed         | 2           |
|    total_timesteps      | 888832      |
| train/                  |             |
|    approx_kl            | 0.011801681 |
|    clip_fraction        | 0.135       |
|    clip_range           | 0.2         |
|    entropy_loss         | -1.02       |
|    explained_variance   | 0.583       |
|    learning_rate        | 0.0003      |
|    loss                 | 20.9        |
|    n_updates            | 4330        |
|    policy_gradient_loss | -0.0173     |
|    value_loss           | 95.3        |
-----------------------------------------
------------------------------------------
| rollout/                |              |
|    ep_len_mean          | 420          |
|    ep_rew_mean          | 179          |
| time/                   |              |
|    fps                  | 1744         |
|    iterations           | 3            |
|    time_elapsed         | 3            |
|    total_timesteps      | 890880       |
| train/                  |              |
|    approx_kl            | 0.0054249335 |
|    clip_fraction        | 0.0402       |
|    clip_range           | 0.2          |
|    entropy_loss         | -1.01        |
|    explained_variance   | 0.694        |
|    learning_rate        | 0.0003       |
|    loss                 | 50.3         |
|    n_updates            | 4340         |
|    policy_gradient_loss | -0.0103      |
|    value_loss           | 143          |
------------------------------------------
-----------------------------------------
| rollout/                |             |
|    ep_len_mean          | 418         |
|    ep_rew_mean          | 171         |
| time/                   |             |
|    fps                  | 1763        |
|    iterations           | 4           |
|    time_elapsed         | 4           |
|    total_timesteps      | 892928      |
| train/                  |             |
|    approx_kl            | 0.009849271 |
|    clip_fraction        | 0.0907      |
|    clip_range           | 0.2         |
|    entropy_loss         | -1.03       |
|    explained_variance   | 0.829       |
|    learning_rate        | 0.0003      |
|    loss                 | 19          |
|    n_updates            | 4350        |
|    policy_gradient_loss | -0.0157     |
|    value_loss           | 63.9        |
-----------------------------------------
-----------------------------------------
| rollout/                |             |
|    ep_len_mean          | 410         |
|    ep_rew_mean          | 166         |
| time/                   |             |
|    fps                  | 1781        |
|    iterations           | 5           |
|    time_elapsed         | 5           |
|    total_timesteps      | 894976      |
| train/                  |             |
|    approx_kl            | 0.008543234 |
|    clip_fraction        | 0.0939      |
|    clip_range           | 0.2         |
|    entropy_loss         | -1.11       |
|    explained_variance   | 0.87        |
|    learning_rate        | 0.0003      |
|    loss                 | 3.73        |
|    n_updates            | 4360        |
|    policy_gradient_loss | -0.0117     |
|    value_loss           | 27.3        |
-----------------------------------------
-----------------------------------------
| rollout/                |             |
|    ep_len_mean          | 405         |
|    ep_rew_mean          | 163         |
| time/                   |             |
|    fps                  | 1791        |
|    iterations           | 6           |
|    time_elapsed         | 6           |
|    total_timesteps      | 897024      |
| train/                  |             |
|    approx_kl            | 0.010668747 |
|    clip_fraction        | 0.158       |
|    clip_range           | 0.2         |
|    entropy_loss         | -0.955      |
|    explained_variance   | 0.747       |
|    learning_rate        | 0.0003      |
|    loss                 | 33.5        |
|    n_updates            | 4370        |
|    policy_gradient_loss | -0.0106     |
|    value_loss           | 93.5        |
-----------------------------------------
-----------------------------------------
| rollout/                |             |
|    ep_len_mean          | 398         |
|    ep_rew_mean          | 158         |
| time/                   |             |
|    fps                  | 1797        |
|    iterations           | 7           |
|    time_elapsed         | 7           |
|    total_timesteps      | 899072      |
| train/                  |             |
|    approx_kl            | 0.008725512 |
|    clip_fraction        | 0.0814      |
|    clip_range           | 0.2         |
|    entropy_loss         | -0.827      |
|    explained_variance   | 0.849       |
|    learning_rate        | 0.0003      |
|    loss                 | 20.3        |
|    n_updates            | 4380        |
|    policy_gradient_loss | -0.0152     |
|    value_loss           | 85.6        |
-----------------------------------------
-----------------------------------------
| rollout/                |             |
|    ep_len_mean          | 396         |
|    ep_rew_mean          | 151         |
| time/                   |             |
|    fps                  | 1816        |
|    iterations           | 8           |
|    time_elapsed         | 9           |
|    total_timesteps      | 901120      |
| train/                  |             |
|    approx_kl            | 0.013559708 |
|    clip_fraction        | 0.0895      |
|    clip_range           | 0.2         |
|    entropy_loss         | -0.958      |
|    explained_variance   | 0.92        |
|    learning_rate        | 0.0003      |
|    loss                 | 11.9        |
|    n_updates            | 4390        |
|    policy_gradient_loss | -0.0147     |
|    value_loss           | 46.4        |
-----------------------------------------
-----------------------------------------
| rollout/                |             |
|    ep_len_mean          | 386         |
|    ep_rew_mean          | 146         |
| time/                   |             |
|    fps                  | 1825        |
|    iterations           | 9           |
|    time_elapsed         | 10          |
|    total_timesteps      | 903168      |
| train/                  |             |
|    approx_kl            | 0.010665731 |
|    clip_fraction        | 0.104       |
|    clip_range           | 0.2         |
|    entropy_loss         | -0.967      |
|    explained_variance   | 0.836       |
|    learning_rate        | 0.0003      |
|    loss                 | 25.8        |
|    n_updates            | 4400        |
|    policy_gradient_loss | -0.015      |
|    value_loss           | 76.1        |
-----------------------------------------
----------------------------------------
| rollout/                |            |
|    ep_len_mean          | 378        |
|    ep_rew_mean          | 140        |
| time/                   |            |
|    fps                  | 1818       |
|    iterations           | 10         |
|    time_elapsed         | 11         |
|    total_timesteps      | 905216     |
| train/                  |            |
|    approx_kl            | 0.00962824 |
|    clip_fraction        | 0.0887     |
|    clip_range           | 0.2        |
|    entropy_loss         | -0.752     |
|    explained_variance   | 0.865      |
|    learning_rate        | 0.0003     |
|    loss                 | 19.3       |
|    n_updates            | 4410       |
|    policy_gradient_loss | -0.0138    |
|    value_loss           | 73.3       |
----------------------------------------
-----------------------------------------
| rollout/                |             |
|    ep_len_mean          | 358         |
|    ep_rew_mean          | 143         |
| time/                   |             |
|    fps                  | 1819        |
|    iterations           | 11          |
|    time_elapsed         | 12          |
|    total_timesteps      | 907264      |
| train/                  |             |
|    approx_kl            | 0.014898393 |
|    clip_fraction        | 0.117       |
|    clip_range           | 0.2         |
|    entropy_loss         | -0.701      |
|    explained_variance   | 0.906       |
|    learning_rate        | 0.0003      |
|    loss                 | 12.7        |
|    n_updates            | 4420        |
|    policy_gradient_loss | -0.0115     |
|    value_loss           | 42.5        |
-----------------------------------------
-----------------------------------------
| rollout/                |             |
|    ep_len_mean          | 350         |
|    ep_rew_mean          | 139         |
| time/                   |             |
|    fps                  | 1817        |
|    iterations           | 12          |
|    time_elapsed         | 13          |
|    total_timesteps      | 909312      |
| train/                  |             |
|    approx_kl            | 0.007894717 |
|    clip_fraction        | 0.075       |
|    clip_range           | 0.2         |
|    entropy_loss         | -0.622      |
|    explained_variance   | 0.914       |
|    learning_rate        | 0.0003      |
|    loss                 | 19          |
|    n_updates            | 4430        |
|    policy_gradient_loss | -0.0152     |
|    value_loss           | 76.6        |
-----------------------------------------
-----------------------------------------
| rollout/                |             |
|    ep_len_mean          | 336         |
|    ep_rew_mean          | 135         |
| time/                   |             |
|    fps                  | 1825        |
|    iterations           | 13          |
|    time_elapsed         | 14          |
|    total_timesteps      | 911360      |
| train/                  |             |
|    approx_kl            | 0.009409789 |
|    clip_fraction        | 0.0802      |
|    clip_range           | 0.2         |
|    entropy_loss         | -0.95       |
|    explained_variance   | 0.955       |
|    learning_rate        | 0.0003      |
|    loss                 | 8.93        |
|    n_updates            | 4440        |
|    policy_gradient_loss | -0.0191     |
|    value_loss           | 43.5        |
-----------------------------------------
------------------------------------------
| rollout/                |              |
|    ep_len_mean          | 317          |
|    ep_rew_mean          | 142          |
| time/                   |              |
|    fps                  | 1829         |
|    iterations           | 14           |
|    time_elapsed         | 15           |
|    total_timesteps      | 913408       |
| train/                  |              |
|    approx_kl            | 0.0086169345 |
|    clip_fraction        | 0.0886       |
|    clip_range           | 0.2          |
|    entropy_loss         | -0.925       |
|    explained_variance   | 0.888        |
|    learning_rate        | 0.0003       |
|    loss                 | 26           |
|    n_updates            | 4450         |
|    policy_gradient_loss | -0.0132      |
|    value_loss           | 74.6         |
------------------------------------------
-----------------------------------------
| rollout/                |             |
|    ep_len_mean          | 301         |
|    ep_rew_mean          | 143         |
| time/                   |             |
|    fps                  | 1831        |
|    iterations           | 15          |
|    time_elapsed         | 16          |
|    total_timesteps      | 915456      |
| train/                  |             |
|    approx_kl            | 0.009839652 |
|    clip_fraction        | 0.0826      |
|    clip_range           | 0.2         |
|    entropy_loss         | -0.78       |
|    explained_variance   | 0.914       |
|    learning_rate        | 0.0003      |
|    loss                 | 29.6        |
|    n_updates            | 4460        |
|    policy_gradient_loss | -0.0166     |
|    value_loss           | 89.2        |
-----------------------------------------
-----------------------------------------
| rollout/                |             |
|    ep_len_mean          | 301         |
|    ep_rew_mean          | 143         |
| time/                   |             |
|    fps                  | 1828        |
|    iterations           | 16          |
|    time_elapsed         | 17          |
|    total_timesteps      | 917504      |
| train/                  |             |
|    approx_kl            | 0.006292795 |
|    clip_fraction        | 0.0552      |
|    clip_range           | 0.2         |
|    entropy_loss         | -0.699      |
|    explained_variance   | 0.888       |
|    learning_rate        | 0.0003      |
|    loss                 | 19.9        |
|    n_updates            | 4470        |
|    policy_gradient_loss | -0.0132     |
|    value_loss           | 94.3        |
-----------------------------------------
-----------------------------------------
| rollout/                |             |
|    ep_len_mean          | 287         |
|    ep_rew_mean          | 153         |
| time/                   |             |
|    fps                  | 1827        |
|    iterations           | 17          |
|    time_elapsed         | 19          |
|    total_timesteps      | 919552      |
| train/                  |             |
|    approx_kl            | 0.011502974 |
|    clip_fraction        | 0.0933      |
|    clip_range           | 0.2         |
|    entropy_loss         | -0.891      |
|    explained_variance   | 0.875       |
|    learning_rate        | 0.0003      |
|    loss                 | 16.8        |
|    n_updates            | 4480        |
|    policy_gradient_loss | -0.0148     |
|    value_loss           | 59.9        |
-----------------------------------------
----------------------------------------
| rollout/                |            |
|    ep_len_mean          | 280        |
|    ep_rew_mean          | 160        |
| time/                   |            |
|    fps                  | 1829       |
|    iterations           | 18         |
|    time_elapsed         | 20         |
|    total_timesteps      | 921600     |
| train/                  |            |
|    approx_kl            | 0.00702174 |
|    clip_fraction        | 0.0713     |
|    clip_range           | 0.2        |
|    entropy_loss         | -0.56      |
|    explained_variance   | 0.911      |
|    learning_rate        | 0.0003     |
|    loss                 | 32.6       |
|    n_updates            | 4490       |
|    policy_gradient_loss | -0.011     |
|    value_loss           | 82.1       |
----------------------------------------
-----------------------------------------
| rollout/                |             |
|    ep_len_mean          | 278         |
|    ep_rew_mean          | 161         |
| time/                   |             |
|    fps                  | 1828        |
|    iterations           | 19          |
|    time_elapsed         | 21          |
|    total_timesteps      | 923648      |
| train/                  |             |
|    approx_kl            | 0.010674144 |
|    clip_fraction        | 0.102       |
|    clip_range           | 0.2         |
|    entropy_loss         | -0.732      |
|    explained_variance   | 0.947       |
|    learning_rate        | 0.0003      |
|    loss                 | 17.4        |
|    n_updates            | 4500        |
|    policy_gradient_loss | -0.017      |
|    value_loss           | 54.5        |
-----------------------------------------
------------------------------------------
| rollout/                |              |
|    ep_len_mean          | 270          |
|    ep_rew_mean          | 167          |
| time/                   |              |
|    fps                  | 1830         |
|    iterations           | 20           |
|    time_elapsed         | 22           |
|    total_timesteps      | 925696       |
| train/                  |              |
|    approx_kl            | 0.0072920937 |
|    clip_fraction        | 0.0846       |
|    clip_range           | 0.2          |
|    entropy_loss         | -0.869       |
|    explained_variance   | 0.959        |
|    learning_rate        | 0.0003       |
|    loss                 | 7.96         |
|    n_updates            | 4510         |
|    policy_gradient_loss | -0.0135      |
|    value_loss           | 35.6         |
------------------------------------------
-----------------------------------------
| rollout/                |             |
|    ep_len_mean          | 255         |
|    ep_rew_mean          | 177         |
| time/                   |             |
|    fps                  | 1832        |
|    iterations           | 21          |
|    time_elapsed         | 23          |
|    total_timesteps      | 927744      |
| train/                  |             |
|    approx_kl            | 0.006108756 |
|    clip_fraction        | 0.0552      |
|    clip_range           | 0.2         |
|    entropy_loss         | -0.705      |
|    explained_variance   | 0.912       |
|    learning_rate        | 0.0003      |
|    loss                 | 35.9        |
|    n_updates            | 4520        |
|    policy_gradient_loss | -0.0124     |
|    value_loss           | 94.8        |
-----------------------------------------
-----------------------------------------
| rollout/                |             |
|    ep_len_mean          | 257         |
|    ep_rew_mean          | 179         |
| time/                   |             |
|    fps                  | 1832        |
|    iterations           | 22          |
|    time_elapsed         | 24          |
|    total_timesteps      | 929792      |
| train/                  |             |
|    approx_kl            | 0.011230921 |
|    clip_fraction        | 0.0986      |
|    clip_range           | 0.2         |
|    entropy_loss         | -0.724      |
|    explained_variance   | 0.914       |
|    learning_rate        | 0.0003      |
|    loss                 | 13.4        |
|    n_updates            | 4530        |
|    policy_gradient_loss | -0.0183     |
|    value_loss           | 50.8        |
-----------------------------------------
-----------------------------------------
| rollout/                |             |
|    ep_len_mean          | 259         |
|    ep_rew_mean          | 180         |
| time/                   |             |
|    fps                  | 1833        |
|    iterations           | 23          |
|    time_elapsed         | 25          |
|    total_timesteps      | 931840      |
| train/                  |             |
|    approx_kl            | 0.011618042 |
|    clip_fraction        | 0.122       |
|    clip_range           | 0.2         |
|    entropy_loss         | -0.971      |
|    explained_variance   | 0.935       |
|    learning_rate        | 0.0003      |
|    loss                 | 10.1        |
|    n_updates            | 4540        |
|    policy_gradient_loss | -0.0157     |
|    value_loss           | 37.7        |
-----------------------------------------
------------------------------------------
| rollout/                |              |
|    ep_len_mean          | 265          |
|    ep_rew_mean          | 175          |
| time/                   |              |
|    fps                  | 1832         |
|    iterations           | 24           |
|    time_elapsed         | 26           |
|    total_timesteps      | 933888       |
| train/                  |              |
|    approx_kl            | 0.0079498105 |
|    clip_fraction        | 0.0745       |
|    clip_range           | 0.2          |
|    entropy_loss         | -0.778       |
|    explained_variance   | 0.945        |
|    learning_rate        | 0.0003       |
|    loss                 | 11.9         |
|    n_updates            | 4550         |
|    policy_gradient_loss | -0.0132      |
|    value_loss           | 47.2         |
------------------------------------------
-----------------------------------------
| rollout/                |             |
|    ep_len_mean          | 265         |
|    ep_rew_mean          | 175         |
| time/                   |             |
|    fps                  | 1829        |
|    iterations           | 25          |
|    time_elapsed         | 27          |
|    total_timesteps      | 935936      |
| train/                  |             |
|    approx_kl            | 0.011451519 |
|    clip_fraction        | 0.108       |
|    clip_range           | 0.2         |
|    entropy_loss         | -0.967      |
|    explained_variance   | 0.921       |
|    learning_rate        | 0.0003      |
|    loss                 | 14.1        |
|    n_updates            | 4560        |
|    policy_gradient_loss | -0.0188     |
|    value_loss           | 50.1        |
-----------------------------------------
-----------------------------------------
| rollout/                |             |
|    ep_len_mean          | 267         |
|    ep_rew_mean          | 176         |
| time/                   |             |
|    fps                  | 1831        |
|    iterations           | 26          |
|    time_elapsed         | 29          |
|    total_timesteps      | 937984      |
| train/                  |             |
|    approx_kl            | 0.014641405 |
|    clip_fraction        | 0.148       |
|    clip_range           | 0.2         |
|    entropy_loss         | -0.988      |
|    explained_variance   | 0.959       |
|    learning_rate        | 0.0003      |
|    loss                 | 5.43        |
|    n_updates            | 4570        |
|    policy_gradient_loss | -0.011      |
|    value_loss           | 23.8        |
-----------------------------------------
-----------------------------------------
| rollout/                |             |
|    ep_len_mean          | 275         |
|    ep_rew_mean          | 169         |
| time/                   |             |
|    fps                  | 1833        |
|    iterations           | 27          |
|    time_elapsed         | 30          |
|    total_timesteps      | 940032      |
| train/                  |             |
|    approx_kl            | 0.007506717 |
|    clip_fraction        | 0.0696      |
|    clip_range           | 0.2         |
|    entropy_loss         | -0.829      |
|    explained_variance   | 0.905       |
|    learning_rate        | 0.0003      |
|    loss                 | 23.2        |
|    n_updates            | 4580        |
|    policy_gradient_loss | -0.0107     |
|    value_loss           | 88.8        |
-----------------------------------------
------------------------------------------
| rollout/                |              |
|    ep_len_mean          | 273          |
|    ep_rew_mean          | 168          |
| time/                   |              |
|    fps                  | 1832         |
|    iterations           | 28           |
|    time_elapsed         | 31           |
|    total_timesteps      | 942080       |
| train/                  |              |
|    approx_kl            | 0.0059434585 |
|    clip_fraction        | 0.0411       |
|    clip_range           | 0.2          |
|    entropy_loss         | -0.89        |
|    explained_variance   | 0.804        |
|    learning_rate        | 0.0003       |
|    loss                 | 22.6         |
|    n_updates            | 4590         |
|    policy_gradient_loss | -0.0104      |
|    value_loss           | 90.9         |
------------------------------------------
-----------------------------------------
| rollout/                |             |
|    ep_len_mean          | 273         |
|    ep_rew_mean          | 168         |
| time/                   |             |
|    fps                  | 1824        |
|    iterations           | 29          |
|    time_elapsed         | 32          |
|    total_timesteps      | 944128      |
| train/                  |             |
|    approx_kl            | 0.020794507 |
|    clip_fraction        | 0.0901      |
|    clip_range           | 0.2         |
|    entropy_loss         | -0.649      |
|    explained_variance   | 0.937       |
|    learning_rate        | 0.0003      |
|    loss                 | 15.2        |
|    n_updates            | 4600        |
|    policy_gradient_loss | -0.0104     |
|    value_loss           | 53.9        |
-----------------------------------------
-----------------------------------------
| rollout/                |             |
|    ep_len_mean          | 281         |
|    ep_rew_mean          | 161         |
| time/                   |             |
|    fps                  | 1814        |
|    iterations           | 30          |
|    time_elapsed         | 33          |
|    total_timesteps      | 946176      |
| train/                  |             |
|    approx_kl            | 0.017259628 |
|    clip_fraction        | 0.135       |
|    clip_range           | 0.2         |
|    entropy_loss         | -0.897      |
|    explained_variance   | 0.925       |
|    learning_rate        | 0.0003      |
|    loss                 | 8.29        |
|    n_updates            | 4610        |
|    policy_gradient_loss | -0.0147     |
|    value_loss           | 41.3        |
-----------------------------------------
-----------------------------------------
| rollout/                |             |
|    ep_len_mean          | 279         |
|    ep_rew_mean          | 161         |
| time/                   |             |
|    fps                  | 1812        |
|    iterations           | 31          |
|    time_elapsed         | 35          |
|    total_timesteps      | 948224      |
| train/                  |             |
|    approx_kl            | 0.016142093 |
|    clip_fraction        | 0.161       |
|    clip_range           | 0.2         |
|    entropy_loss         | -0.969      |
|    explained_variance   | 0.857       |
|    learning_rate        | 0.0003      |
|    loss                 | 6.41        |
|    n_updates            | 4620        |
|    policy_gradient_loss | -0.0165     |
|    value_loss           | 40.3        |
-----------------------------------------
-----------------------------------------
| rollout/                |             |
|    ep_len_mean          | 285         |
|    ep_rew_mean          | 160         |
| time/                   |             |
|    fps                  | 1800        |
|    iterations           | 32          |
|    time_elapsed         | 36          |
|    total_timesteps      | 950272      |
| train/                  |             |
|    approx_kl            | 0.011268154 |
|    clip_fraction        | 0.0978      |
|    clip_range           | 0.2         |
|    entropy_loss         | -0.825      |
|    explained_variance   | 0.941       |
|    learning_rate        | 0.0003      |
|    loss                 | 16.5        |
|    n_updates            | 4630        |
|    policy_gradient_loss | -0.0145     |
|    value_loss           | 49.3        |
-----------------------------------------
-----------------------------------------
| rollout/                |             |
|    ep_len_mean          | 281         |
|    ep_rew_mean          | 164         |
| time/                   |             |
|    fps                  | 1796        |
|    iterations           | 33          |
|    time_elapsed         | 37          |
|    total_timesteps      | 952320      |
| train/                  |             |
|    approx_kl            | 0.008800188 |
|    clip_fraction        | 0.0631      |
|    clip_range           | 0.2         |
|    entropy_loss         | -0.931      |
|    explained_variance   | 0.867       |
|    learning_rate        | 0.0003      |
|    loss                 | 37.1        |
|    n_updates            | 4640        |
|    policy_gradient_loss | -0.016      |
|    value_loss           | 95.2        |
-----------------------------------------
-----------------------------------------
| rollout/                |             |
|    ep_len_mean          | 287         |
|    ep_rew_mean          | 159         |
| time/                   |             |
|    fps                  | 1800        |
|    iterations           | 34          |
|    time_elapsed         | 38          |
|    total_timesteps      | 954368      |
| train/                  |             |
|    approx_kl            | 0.005068298 |
|    clip_fraction        | 0.0484      |
|    clip_range           | 0.2         |
|    entropy_loss         | -0.696      |
|    explained_variance   | 0.919       |
|    learning_rate        | 0.0003      |
|    loss                 | 31.1        |
|    n_updates            | 4650        |
|    policy_gradient_loss | -0.0131     |
|    value_loss           | 92.4        |
-----------------------------------------
-----------------------------------------
| rollout/                |             |
|    ep_len_mean          | 290         |
|    ep_rew_mean          | 157         |
| time/                   |             |
|    fps                  | 1799        |
|    iterations           | 35          |
|    time_elapsed         | 39          |
|    total_timesteps      | 956416      |
| train/                  |             |
|    approx_kl            | 0.008058801 |
|    clip_fraction        | 0.0692      |
|    clip_range           | 0.2         |
|    entropy_loss         | -0.729      |
|    explained_variance   | 0.882       |
|    learning_rate        | 0.0003      |
|    loss                 | 11.1        |
|    n_updates            | 4660        |
|    policy_gradient_loss | -0.0165     |
|    value_loss           | 63.6        |
-----------------------------------------
-----------------------------------------
| rollout/                |             |
|    ep_len_mean          | 294         |
|    ep_rew_mean          | 153         |
| time/                   |             |
|    fps                  | 1805        |
|    iterations           | 36          |
|    time_elapsed         | 40          |
|    total_timesteps      | 958464      |
| train/                  |             |
|    approx_kl            | 0.010638155 |
|    clip_fraction        | 0.0737      |
|    clip_range           | 0.2         |
|    entropy_loss         | -0.88       |
|    explained_variance   | 0.925       |
|    learning_rate        | 0.0003      |
|    loss                 | 16.5        |
|    n_updates            | 4670        |
|    policy_gradient_loss | -0.013      |
|    value_loss           | 57.9        |
-----------------------------------------
------------------------------------------
| rollout/                |              |
|    ep_len_mean          | 296          |
|    ep_rew_mean          | 153          |
| time/                   |              |
|    fps                  | 1803         |
|    iterations           | 37           |
|    time_elapsed         | 42           |
|    total_timesteps      | 960512       |
| train/                  |              |
|    approx_kl            | 0.0099928845 |
|    clip_fraction        | 0.078        |
|    clip_range           | 0.2          |
|    entropy_loss         | -0.868       |
|    explained_variance   | 0.936        |
|    learning_rate        | 0.0003       |
|    loss                 | 16.7         |
|    n_updates            | 4680         |
|    policy_gradient_loss | -0.0134      |
|    value_loss           | 51.4         |
------------------------------------------
-----------------------------------------
| rollout/                |             |
|    ep_len_mean          | 295         |
|    ep_rew_mean          | 153         |
| time/                   |             |
|    fps                  | 1799        |
|    iterations           | 38          |
|    time_elapsed         | 43          |
|    total_timesteps      | 962560      |
| train/                  |             |
|    approx_kl            | 0.008787859 |
|    clip_fraction        | 0.0688      |
|    clip_range           | 0.2         |
|    entropy_loss         | -0.709      |
|    explained_variance   | 0.861       |
|    learning_rate        | 0.0003      |
|    loss                 | 33.8        |
|    n_updates            | 4690        |
|    policy_gradient_loss | -0.0124     |
|    value_loss           | 101         |
-----------------------------------------
------------------------------------------
| rollout/                |              |
|    ep_len_mean          | 289          |
|    ep_rew_mean          | 156          |
| time/                   |              |
|    fps                  | 1794         |
|    iterations           | 39           |
|    time_elapsed         | 44           |
|    total_timesteps      | 964608       |
| train/                  |              |
|    approx_kl            | 0.0103915455 |
|    clip_fraction        | 0.094        |
|    clip_range           | 0.2          |
|    entropy_loss         | -0.928       |
|    explained_variance   | 0.938        |
|    learning_rate        | 0.0003       |
|    loss                 | 11.7         |
|    n_updates            | 4700         |
|    policy_gradient_loss | -0.0123      |
|    value_loss           | 58.2         |
------------------------------------------
-----------------------------------------
| rollout/                |             |
|    ep_len_mean          | 281         |
|    ep_rew_mean          | 159         |
| time/                   |             |
|    fps                  | 1789        |
|    iterations           | 40          |
|    time_elapsed         | 45          |
|    total_timesteps      | 966656      |
| train/                  |             |
|    approx_kl            | 0.010131587 |
|    clip_fraction        | 0.0695      |
|    clip_range           | 0.2         |
|    entropy_loss         | -0.719      |
|    explained_variance   | 0.946       |
|    learning_rate        | 0.0003      |
|    loss                 | 13.8        |
|    n_updates            | 4710        |
|    policy_gradient_loss | -0.0114     |
|    value_loss           | 46          |
-----------------------------------------
-----------------------------------------
| rollout/                |             |
|    ep_len_mean          | 277         |
|    ep_rew_mean          | 162         |
| time/                   |             |
|    fps                  | 1784        |
|    iterations           | 41          |
|    time_elapsed         | 47          |
|    total_timesteps      | 968704      |
| train/                  |             |
|    approx_kl            | 0.007151033 |
|    clip_fraction        | 0.0805      |
|    clip_range           | 0.2         |
|    entropy_loss         | -0.699      |
|    explained_variance   | 0.922       |
|    learning_rate        | 0.0003      |
|    loss                 | 38.4        |
|    n_updates            | 4720        |
|    policy_gradient_loss | -0.0106     |
|    value_loss           | 90.5        |
-----------------------------------------
------------------------------------------
| rollout/                |              |
|    ep_len_mean          | 283          |
|    ep_rew_mean          | 159          |
| time/                   |              |
|    fps                  | 1778         |
|    iterations           | 42           |
|    time_elapsed         | 48           |
|    total_timesteps      | 970752       |
| train/                  |              |
|    approx_kl            | 0.0076355385 |
|    clip_fraction        | 0.0648       |
|    clip_range           | 0.2          |
|    entropy_loss         | -0.664       |
|    explained_variance   | 0.908        |
|    learning_rate        | 0.0003       |
|    loss                 | 24.8         |
|    n_updates            | 4730         |
|    policy_gradient_loss | -0.0163      |
|    value_loss           | 63.1         |
------------------------------------------
-----------------------------------------
| rollout/                |             |
|    ep_len_mean          | 280         |
|    ep_rew_mean          | 162         |
| time/                   |             |
|    fps                  | 1776        |
|    iterations           | 43          |
|    time_elapsed         | 49          |
|    total_timesteps      | 972800      |
| train/                  |             |
|    approx_kl            | 0.008846052 |
|    clip_fraction        | 0.0652      |
|    clip_range           | 0.2         |
|    entropy_loss         | -0.698      |
|    explained_variance   | 0.948       |
|    learning_rate        | 0.0003      |
|    loss                 | 13.4        |
|    n_updates            | 4740        |
|    policy_gradient_loss | -0.0153     |
|    value_loss           | 45.6        |
-----------------------------------------
------------------------------------------
| rollout/                |              |
|    ep_len_mean          | 275          |
|    ep_rew_mean          | 165          |
| time/                   |              |
|    fps                  | 1775         |
|    iterations           | 44           |
|    time_elapsed         | 50           |
|    total_timesteps      | 974848       |
| train/                  |              |
|    approx_kl            | 0.0046454696 |
|    clip_fraction        | 0.0241       |
|    clip_range           | 0.2          |
|    entropy_loss         | -0.636       |
|    explained_variance   | 0.755        |
|    learning_rate        | 0.0003       |
|    loss                 | 23.1         |
|    n_updates            | 4750         |
|    policy_gradient_loss | -0.00652     |
|    value_loss           | 94.6         |
------------------------------------------
-----------------------------------------
| rollout/                |             |
|    ep_len_mean          | 273         |
|    ep_rew_mean          | 167         |
| time/                   |             |
|    fps                  | 1772        |
|    iterations           | 45          |
|    time_elapsed         | 52          |
|    total_timesteps      | 976896      |
| train/                  |             |
|    approx_kl            | 0.011468649 |
|    clip_fraction        | 0.0774      |
|    clip_range           | 0.2         |
|    entropy_loss         | -0.635      |
|    explained_variance   | 0.948       |
|    learning_rate        | 0.0003      |
|    loss                 | 15.5        |
|    n_updates            | 4760        |
|    policy_gradient_loss | -0.0122     |
|    value_loss           | 46.1        |
-----------------------------------------
----------------------------------------
| rollout/                |            |
|    ep_len_mean          | 271        |
|    ep_rew_mean          | 163        |
| time/                   |            |
|    fps                  | 1771       |
|    iterations           | 46         |
|    time_elapsed         | 53         |
|    total_timesteps      | 978944     |
| train/                  |            |
|    approx_kl            | 0.01052407 |
|    clip_fraction        | 0.0692     |
|    clip_range           | 0.2        |
|    entropy_loss         | -0.758     |
|    explained_variance   | 0.948      |
|    learning_rate        | 0.0003     |
|    loss                 | 12.6       |
|    n_updates            | 4770       |
|    policy_gradient_loss | -0.0133    |
|    value_loss           | 49.1       |
----------------------------------------
----------------------------------------
| rollout/                |            |
|    ep_len_mean          | 276        |
|    ep_rew_mean          | 156        |
| time/                   |            |
|    fps                  | 1773       |
|    iterations           | 47         |
|    time_elapsed         | 54         |
|    total_timesteps      | 980992     |
| train/                  |            |
|    approx_kl            | 0.01025583 |
|    clip_fraction        | 0.0667     |
|    clip_range           | 0.2        |
|    entropy_loss         | -0.68      |
|    explained_variance   | 0.962      |
|    learning_rate        | 0.0003     |
|    loss                 | 17.5       |
|    n_updates            | 4780       |
|    policy_gradient_loss | -0.0133    |
|    value_loss           | 41.3       |
----------------------------------------
------------------------------------------
| rollout/                |              |
|    ep_len_mean          | 270          |
|    ep_rew_mean          | 162          |
| time/                   |              |
|    fps                  | 1773         |
|    iterations           | 48           |
|    time_elapsed         | 55           |
|    total_timesteps      | 983040       |
| train/                  |              |
|    approx_kl            | 0.0091331545 |
|    clip_fraction        | 0.0836       |
|    clip_range           | 0.2          |
|    entropy_loss         | -0.77        |
|    explained_variance   | 0.906        |
|    learning_rate        | 0.0003       |
|    loss                 | 10.2         |
|    n_updates            | 4790         |
|    policy_gradient_loss | -0.0104      |
|    value_loss           | 41.1         |
------------------------------------------
------------------------------------------
| rollout/                |              |
|    ep_len_mean          | 270          |
|    ep_rew_mean          | 163          |
| time/                   |              |
|    fps                  | 1775         |
|    iterations           | 49           |
|    time_elapsed         | 56           |
|    total_timesteps      | 985088       |
| train/                  |              |
|    approx_kl            | 0.0065202136 |
|    clip_fraction        | 0.0674       |
|    clip_range           | 0.2          |
|    entropy_loss         | -0.548       |
|    explained_variance   | 0.935        |
|    learning_rate        | 0.0003       |
|    loss                 | 32           |
|    n_updates            | 4800         |
|    policy_gradient_loss | -0.0126      |
|    value_loss           | 88           |
------------------------------------------
 100% ━━━━━━━━━━━━━━━━━━━━━━ 100,352/100,000  [ 0:00:56 < 0:00:00 , 1,717 it/s ]

  [eval @ 100,000] success=40.0% (12/30)
---------------------------------
| rollout/           |          |
|    ep_len_mean     | 264      |
|    ep_rew_mean     | 165      |
| time/              |          |
|    fps             | 2086     |
|    iterations      | 1        |
|    time_elapsed    | 0        |
|    total_timesteps | 987136   |
---------------------------------
-----------------------------------------
| rollout/                |             |
|    ep_len_mean          | 258         |
|    ep_rew_mean          | 171         |
| time/                   |             |
|    fps                  | 1847        |
|    iterations           | 2           |
|    time_elapsed         | 2           |
|    total_timesteps      | 989184      |
| train/                  |             |
|    approx_kl            | 0.008442505 |
|    clip_fraction        | 0.0703      |
|    clip_range           | 0.2         |
|    entropy_loss         | -0.614      |
|    explained_variance   | 0.907       |
|    learning_rate        | 0.0003      |
|    loss                 | 16.3        |
|    n_updates            | 4820        |
|    policy_gradient_loss | -0.0127     |
|    value_loss           | 61.2        |
-----------------------------------------
-----------------------------------------
| rollout/                |             |
|    ep_len_mean          | 262         |
|    ep_rew_mean          | 169         |
| time/                   |             |
|    fps                  | 1760        |
|    iterations           | 3           |
|    time_elapsed         | 3           |
|    total_timesteps      | 991232      |
| train/                  |             |
|    approx_kl            | 0.011752529 |
|    clip_fraction        | 0.0724      |
|    clip_range           | 0.2         |
|    entropy_loss         | -0.543      |
|    explained_variance   | 0.924       |
|    learning_rate        | 0.0003      |
|    loss                 | 15.2        |
|    n_updates            | 4830        |
|    policy_gradient_loss | -0.0152     |
|    value_loss           | 53.9        |
-----------------------------------------
-----------------------------------------
| rollout/                |             |
|    ep_len_mean          | 258         |
|    ep_rew_mean          | 170         |
| time/                   |             |
|    fps                  | 1766        |
|    iterations           | 4           |
|    time_elapsed         | 4           |
|    total_timesteps      | 993280      |
| train/                  |             |
|    approx_kl            | 0.009323283 |
|    clip_fraction        | 0.0915      |
|    clip_range           | 0.2         |
|    entropy_loss         | -0.833      |
|    explained_variance   | 0.923       |
|    learning_rate        | 0.0003      |
|    loss                 | 28.3        |
|    n_updates            | 4840        |
|    policy_gradient_loss | -0.0136     |
|    value_loss           | 77.6        |
-----------------------------------------
-----------------------------------------
| rollout/                |             |
|    ep_len_mean          | 261         |
|    ep_rew_mean          | 167         |
| time/                   |             |
|    fps                  | 1767        |
|    iterations           | 5           |
|    time_elapsed         | 5           |
|    total_timesteps      | 995328      |
| train/                  |             |
|    approx_kl            | 0.010341389 |
|    clip_fraction        | 0.0969      |
|    clip_range           | 0.2         |
|    entropy_loss         | -0.704      |
|    explained_variance   | 0.954       |
|    learning_rate        | 0.0003      |
|    loss                 | 8.25        |
|    n_updates            | 4850        |
|    policy_gradient_loss | -0.0141     |
|    value_loss           | 39.1        |
-----------------------------------------
------------------------------------------
| rollout/                |              |
|    ep_len_mean          | 248          |
|    ep_rew_mean          | 174          |
| time/                   |              |
|    fps                  | 1742         |
|    iterations           | 6            |
|    time_elapsed         | 7            |
|    total_timesteps      | 997376       |
| train/                  |              |
|    approx_kl            | 0.0141501995 |
|    clip_fraction        | 0.107        |
|    clip_range           | 0.2          |
|    entropy_loss         | -0.675       |
|    explained_variance   | 0.969        |
|    learning_rate        | 0.0003       |
|    loss                 | 17.4         |
|    n_updates            | 4860         |
|    policy_gradient_loss | -0.0141      |
|    value_loss           | 46.8         |
------------------------------------------
-----------------------------------------
| rollout/                |             |
|    ep_len_mean          | 244         |
|    ep_rew_mean          | 178         |
| time/                   |             |
|    fps                  | 1734        |
|    iterations           | 7           |
|    time_elapsed         | 8           |
|    total_timesteps      | 999424      |
| train/                  |             |
|    approx_kl            | 0.007916773 |
|    clip_fraction        | 0.109       |
|    clip_range           | 0.2         |
|    entropy_loss         | -0.562      |
|    explained_variance   | 0.962       |
|    learning_rate        | 0.0003      |
|    loss                 | 17.1        |
|    n_updates            | 4870        |
|    policy_gradient_loss | -0.0119     |
|    value_loss           | 44.7        |
-----------------------------------------
------------------------------------------
| rollout/                |              |
|    ep_len_mean          | 238          |
|    ep_rew_mean          | 182          |
| time/                   |              |
|    fps                  | 1706         |
|    iterations           | 8            |
|    time_elapsed         | 9            |
|    total_timesteps      | 1001472      |
| train/                  |              |
|    approx_kl            | 0.0064049256 |
|    clip_fraction        | 0.0563       |
|    clip_range           | 0.2          |
|    entropy_loss         | -0.52        |
|    explained_variance   | 0.78         |
|    learning_rate        | 0.0003       |
|    loss                 | 31.7         |
|    n_updates            | 4880         |
|    policy_gradient_loss | -0.0133      |
|    value_loss           | 108          |
------------------------------------------
-----------------------------------------
| rollout/                |             |
|    ep_len_mean          | 241         |
|    ep_rew_mean          | 182         |
| time/                   |             |
|    fps                  | 1708        |
|    iterations           | 9           |
|    time_elapsed         | 10          |
|    total_timesteps      | 1003520     |
| train/                  |             |
|    approx_kl            | 0.015256691 |
|    clip_fraction        | 0.139       |
|    clip_range           | 0.2         |
|    entropy_loss         | -0.796      |
|    explained_variance   | 0.951       |
|    learning_rate        | 0.0003      |
|    loss                 | 20.2        |
|    n_updates            | 4890        |
|    policy_gradient_loss | -0.0172     |
|    value_loss           | 48.6        |
-----------------------------------------
------------------------------------------
| rollout/                |              |
|    ep_len_mean          | 236          |
|    ep_rew_mean          | 184          |
| time/                   |              |
|    fps                  | 1715         |
|    iterations           | 10           |
|    time_elapsed         | 11           |
|    total_timesteps      | 1005568      |
| train/                  |              |
|    approx_kl            | 0.0089449035 |
|    clip_fraction        | 0.112        |
|    clip_range           | 0.2          |
|    entropy_loss         | -0.791       |
|    explained_variance   | 0.926        |
|    learning_rate        | 0.0003       |
|    loss                 | 19.7         |
|    n_updates            | 4900         |
|    policy_gradient_loss | -0.011       |
|    value_loss           | 57.2         |
------------------------------------------
----------------------------------------
| rollout/                |            |
|    ep_len_mean          | 244        |
|    ep_rew_mean          | 180        |
| time/                   |            |
|    fps                  | 1727       |
|    iterations           | 11         |
|    time_elapsed         | 13         |
|    total_timesteps      | 1007616    |
| train/                  |            |
|    approx_kl            | 0.00807829 |
|    clip_fraction        | 0.0602     |
|    clip_range           | 0.2        |
|    entropy_loss         | -0.55      |
|    explained_variance   | 0.907      |
|    learning_rate        | 0.0003     |
|    loss                 | 24.8       |
|    n_updates            | 4910       |
|    policy_gradient_loss | -0.0163    |
|    value_loss           | 77.8       |
----------------------------------------
-----------------------------------------
| rollout/                |             |
|    ep_len_mean          | 234         |
|    ep_rew_mean          | 187         |
| time/                   |             |
|    fps                  | 1735        |
|    iterations           | 12          |
|    time_elapsed         | 14          |
|    total_timesteps      | 1009664     |
| train/                  |             |
|    approx_kl            | 0.009297606 |
|    clip_fraction        | 0.0709      |
|    clip_range           | 0.2         |
|    entropy_loss         | -0.701      |
|    explained_variance   | 0.899       |
|    learning_rate        | 0.0003      |
|    loss                 | 18.8        |
|    n_updates            | 4920        |
|    policy_gradient_loss | -0.0152     |
|    value_loss           | 60.6        |
-----------------------------------------
-----------------------------------------
| rollout/                |             |
|    ep_len_mean          | 227         |
|    ep_rew_mean          | 192         |
| time/                   |             |
|    fps                  | 1738        |
|    iterations           | 13          |
|    time_elapsed         | 15          |
|    total_timesteps      | 1011712     |
| train/                  |             |
|    approx_kl            | 0.011095565 |
|    clip_fraction        | 0.106       |
|    clip_range           | 0.2         |
|    entropy_loss         | -0.624      |
|    explained_variance   | 0.907       |
|    learning_rate        | 0.0003      |
|    loss                 | 29.9        |
|    n_updates            | 4930        |
|    policy_gradient_loss | -0.0171     |
|    value_loss           | 85.5        |
-----------------------------------------
-----------------------------------------
| rollout/                |             |
|    ep_len_mean          | 229         |
|    ep_rew_mean          | 190         |
| time/                   |             |
|    fps                  | 1745        |
|    iterations           | 14          |
|    time_elapsed         | 16          |
|    total_timesteps      | 1013760     |
| train/                  |             |
|    approx_kl            | 0.010356933 |
|    clip_fraction        | 0.0768      |
|    clip_range           | 0.2         |
|    entropy_loss         | -0.478      |
|    explained_variance   | 0.88        |
|    learning_rate        | 0.0003      |
|    loss                 | 16.2        |
|    n_updates            | 4940        |
|    policy_gradient_loss | -0.0138     |
|    value_loss           | 54.9        |
-----------------------------------------
-----------------------------------------
| rollout/                |             |
|    ep_len_mean          | 230         |
|    ep_rew_mean          | 190         |
| time/                   |             |
|    fps                  | 1751        |
|    iterations           | 15          |
|    time_elapsed         | 17          |
|    total_timesteps      | 1015808     |
| train/                  |             |
|    approx_kl            | 0.010590466 |
|    clip_fraction        | 0.0744      |
|    clip_range           | 0.2         |
|    entropy_loss         | -0.69       |
|    explained_variance   | 0.954       |
|    learning_rate        | 0.0003      |
|    loss                 | 10.7        |
|    n_updates            | 4950        |
|    policy_gradient_loss | -0.01       |
|    value_loss           | 40.6        |
-----------------------------------------
------------------------------------------
| rollout/                |              |
|    ep_len_mean          | 226          |
|    ep_rew_mean          | 195          |
| time/                   |              |
|    fps                  | 1752         |
|    iterations           | 16           |
|    time_elapsed         | 18           |
|    total_timesteps      | 1017856      |
| train/                  |              |
|    approx_kl            | 0.0058117723 |
|    clip_fraction        | 0.05         |
|    clip_range           | 0.2          |
|    entropy_loss         | -0.632       |
|    explained_variance   | 0.958        |
|    learning_rate        | 0.0003       |
|    loss                 | 12.5         |
|    n_updates            | 4960         |
|    policy_gradient_loss | -0.0111      |
|    value_loss           | 42           |
------------------------------------------
-----------------------------------------
| rollout/                |             |
|    ep_len_mean          | 225         |
|    ep_rew_mean          | 196         |
| time/                   |             |
|    fps                  | 1752        |
|    iterations           | 17          |
|    time_elapsed         | 19          |
|    total_timesteps      | 1019904     |
| train/                  |             |
|    approx_kl            | 0.005700431 |
|    clip_fraction        | 0.0588      |
|    clip_range           | 0.2         |
|    entropy_loss         | -0.446      |
|    explained_variance   | 0.897       |
|    learning_rate        | 0.0003      |
|    loss                 | 19          |
|    n_updates            | 4970        |
|    policy_gradient_loss | -0.0127     |
|    value_loss           | 77.7        |
-----------------------------------------
------------------------------------------
| rollout/                |              |
|    ep_len_mean          | 230          |
|    ep_rew_mean          | 193          |
| time/                   |              |
|    fps                  | 1754         |
|    iterations           | 18           |
|    time_elapsed         | 21           |
|    total_timesteps      | 1021952      |
| train/                  |              |
|    approx_kl            | 0.0067716795 |
|    clip_fraction        | 0.0691       |
|    clip_range           | 0.2          |
|    entropy_loss         | -0.632       |
|    explained_variance   | 0.91         |
|    learning_rate        | 0.0003       |
|    loss                 | 24.4         |
|    n_updates            | 4980         |
|    policy_gradient_loss | -0.0134      |
|    value_loss           | 64.7         |
------------------------------------------
-----------------------------------------
| rollout/                |             |
|    ep_len_mean          | 233         |
|    ep_rew_mean          | 194         |
| time/                   |             |
|    fps                  | 1752        |
|    iterations           | 19          |
|    time_elapsed         | 22          |
|    total_timesteps      | 1024000     |
| train/                  |             |
|    approx_kl            | 0.011036463 |
|    clip_fraction        | 0.0936      |
|    clip_range           | 0.2         |
|    entropy_loss         | -0.771      |
|    explained_variance   | 0.907       |
|    learning_rate        | 0.0003      |
|    loss                 | 19.7        |
|    n_updates            | 4990        |
|    policy_gradient_loss | -0.0187     |
|    value_loss           | 59.1        |
-----------------------------------------
-----------------------------------------
| rollout/                |             |
|    ep_len_mean          | 233         |
|    ep_rew_mean          | 195         |
| time/                   |             |
|    fps                  | 1749        |
|    iterations           | 20          |
|    time_elapsed         | 23          |
|    total_timesteps      | 1026048     |
| train/                  |             |
|    approx_kl            | 0.009494885 |
|    clip_fraction        | 0.0864      |
|    clip_range           | 0.2         |
|    entropy_loss         | -0.566      |
|    explained_variance   | 0.915       |
|    learning_rate        | 0.0003      |
|    loss                 | 17.8        |
|    n_updates            | 5000        |
|    policy_gradient_loss | -0.0153     |
|    value_loss           | 58.1        |
-----------------------------------------
-----------------------------------------
| rollout/                |             |
|    ep_len_mean          | 236         |
|    ep_rew_mean          | 193         |
| time/                   |             |
|    fps                  | 1749        |
|    iterations           | 21          |
|    time_elapsed         | 24          |
|    total_timesteps      | 1028096     |
| train/                  |             |
|    approx_kl            | 0.008914584 |
|    clip_fraction        | 0.0895      |
|    clip_range           | 0.2         |
|    entropy_loss         | -0.774      |
|    explained_variance   | 0.955       |
|    learning_rate        | 0.0003      |
|    loss                 | 7.74        |
|    n_updates            | 5010        |
|    policy_gradient_loss | -0.0166     |
|    value_loss           | 33.3        |
-----------------------------------------
-----------------------------------------
| rollout/                |             |
|    ep_len_mean          | 233         |
|    ep_rew_mean          | 195         |
| time/                   |             |
|    fps                  | 1750        |
|    iterations           | 22          |
|    time_elapsed         | 25          |
|    total_timesteps      | 1030144     |
| train/                  |             |
|    approx_kl            | 0.010825131 |
|    clip_fraction        | 0.0872      |
|    clip_range           | 0.2         |
|    entropy_loss         | -1.01       |
|    explained_variance   | 0.958       |
|    learning_rate        | 0.0003      |
|    loss                 | 5.72        |
|    n_updates            | 5020        |
|    policy_gradient_loss | -0.0114     |
|    value_loss           | 30.9        |
-----------------------------------------
-----------------------------------------
| rollout/                |             |
|    ep_len_mean          | 232         |
|    ep_rew_mean          | 194         |
| time/                   |             |
|    fps                  | 1751        |
|    iterations           | 23          |
|    time_elapsed         | 26          |
|    total_timesteps      | 1032192     |
| train/                  |             |
|    approx_kl            | 0.008179718 |
|    clip_fraction        | 0.0673      |
|    clip_range           | 0.2         |
|    entropy_loss         | -0.685      |
|    explained_variance   | 0.893       |
|    learning_rate        | 0.0003      |
|    loss                 | 29.2        |
|    n_updates            | 5030        |
|    policy_gradient_loss | -0.0151     |
|    value_loss           | 87.2        |
-----------------------------------------
------------------------------------------
| rollout/                |              |
|    ep_len_mean          | 236          |
|    ep_rew_mean          | 198          |
| time/                   |              |
|    fps                  | 1750         |
|    iterations           | 24           |
|    time_elapsed         | 28           |
|    total_timesteps      | 1034240      |
| train/                  |              |
|    approx_kl            | 0.0052371146 |
|    clip_fraction        | 0.0479       |
|    clip_range           | 0.2          |
|    entropy_loss         | -0.415       |
|    explained_variance   | 0.942        |
|    learning_rate        | 0.0003       |
|    loss                 | 22.6         |
|    n_updates            | 5040         |
|    policy_gradient_loss | -0.0117      |
|    value_loss           | 57.7         |
------------------------------------------
----------------------------------------
| rollout/                |            |
|    ep_len_mean          | 236        |
|    ep_rew_mean          | 199        |
| time/                   |            |
|    fps                  | 1751       |
|    iterations           | 25         |
|    time_elapsed         | 29         |
|    total_timesteps      | 1036288    |
| train/                  |            |
|    approx_kl            | 0.00814296 |
|    clip_fraction        | 0.0772     |
|    clip_range           | 0.2        |
|    entropy_loss         | -0.66      |
|    explained_variance   | 0.905      |
|    learning_rate        | 0.0003     |
|    loss                 | 31.9       |
|    n_updates            | 5050       |
|    policy_gradient_loss | -0.016     |
|    value_loss           | 85.9       |
----------------------------------------
-----------------------------------------
| rollout/                |             |
|    ep_len_mean          | 238         |
|    ep_rew_mean          | 195         |
| time/                   |             |
|    fps                  | 1758        |
|    iterations           | 26          |
|    time_elapsed         | 30          |
|    total_timesteps      | 1038336     |
| train/                  |             |
|    approx_kl            | 0.008700485 |
|    clip_fraction        | 0.0639      |
|    clip_range           | 0.2         |
|    entropy_loss         | -0.414      |
|    explained_variance   | 0.88        |
|    learning_rate        | 0.0003      |
|    loss                 | 12.6        |
|    n_updates            | 5060        |
|    policy_gradient_loss | -0.0147     |
|    value_loss           | 47.8        |
-----------------------------------------
-----------------------------------------
| rollout/                |             |
|    ep_len_mean          | 237         |
|    ep_rew_mean          | 196         |
| time/                   |             |
|    fps                  | 1763        |
|    iterations           | 27          |
|    time_elapsed         | 31          |
|    total_timesteps      | 1040384     |
| train/                  |             |
|    approx_kl            | 0.009931435 |
|    clip_fraction        | 0.0772      |
|    clip_range           | 0.2         |
|    entropy_loss         | -0.646      |
|    explained_variance   | 0.934       |
|    learning_rate        | 0.0003      |
|    loss                 | 23.4        |
|    n_updates            | 5070        |
|    policy_gradient_loss | -0.0119     |
|    value_loss           | 51.2        |
-----------------------------------------
-----------------------------------------
| rollout/                |             |
|    ep_len_mean          | 242         |
|    ep_rew_mean          | 194         |
| time/                   |             |
|    fps                  | 1760        |
|    iterations           | 28          |
|    time_elapsed         | 32          |
|    total_timesteps      | 1042432     |
| train/                  |             |
|    approx_kl            | 0.011686275 |
|    clip_fraction        | 0.102       |
|    clip_range           | 0.2         |
|    entropy_loss         | -0.668      |
|    explained_variance   | 0.955       |
|    learning_rate        | 0.0003      |
|    loss                 | 7.45        |
|    n_updates            | 5080        |
|    policy_gradient_loss | -0.0181     |
|    value_loss           | 31          |
-----------------------------------------
------------------------------------------
| rollout/                |              |
|    ep_len_mean          | 239          |
|    ep_rew_mean          | 197          |
| time/                   |              |
|    fps                  | 1762         |
|    iterations           | 29           |
|    time_elapsed         | 33           |
|    total_timesteps      | 1044480      |
| train/                  |              |
|    approx_kl            | 0.0069875442 |
|    clip_fraction        | 0.056        |
|    clip_range           | 0.2          |
|    entropy_loss         | -0.589       |
|    explained_variance   | 0.902        |
|    learning_rate        | 0.0003       |
|    loss                 | 24           |
|    n_updates            | 5090         |
|    policy_gradient_loss | -0.013       |
|    value_loss           | 72.2         |
------------------------------------------
------------------------------------------
| rollout/                |              |
|    ep_len_mean          | 240          |
|    ep_rew_mean          | 193          |
| time/                   |              |
|    fps                  | 1765         |
|    iterations           | 30           |
|    time_elapsed         | 34           |
|    total_timesteps      | 1046528      |
| train/                  |              |
|    approx_kl            | 0.0061244983 |
|    clip_fraction        | 0.0632       |
|    clip_range           | 0.2          |
|    entropy_loss         | -0.388       |
|    explained_variance   | 0.916        |
|    learning_rate        | 0.0003       |
|    loss                 | 11.3         |
|    n_updates            | 5100         |
|    policy_gradient_loss | -0.00977     |
|    value_loss           | 60.5         |
------------------------------------------
----------------------------------------
| rollout/                |            |
|    ep_len_mean          | 241        |
|    ep_rew_mean          | 190        |
| time/                   |            |
|    fps                  | 1768       |
|    iterations           | 31         |
|    time_elapsed         | 35         |
|    total_timesteps      | 1048576    |
| train/                  |            |
|    approx_kl            | 0.01331808 |
|    clip_fraction        | 0.106      |
|    clip_range           | 0.2        |
|    entropy_loss         | -0.872     |
|    explained_variance   | 0.912      |
|    learning_rate        | 0.0003     |
|    loss                 | 25.7       |
|    n_updates            | 5110       |
|    policy_gradient_loss | -0.0111    |
|    value_loss           | 62.4       |
----------------------------------------
------------------------------------------
| rollout/                |              |
|    ep_len_mean          | 229          |
|    ep_rew_mean          | 200          |
| time/                   |              |
|    fps                  | 1768         |
|    iterations           | 32           |
|    time_elapsed         | 37           |
|    total_timesteps      | 1050624      |
| train/                  |              |
|    approx_kl            | 0.0048690317 |
|    clip_fraction        | 0.0637       |
|    clip_range           | 0.2          |
|    entropy_loss         | -0.65        |
|    explained_variance   | 0.948        |
|    learning_rate        | 0.0003       |
|    loss                 | 14.4         |
|    n_updates            | 5120         |
|    policy_gradient_loss | -0.0084      |
|    value_loss           | 48.5         |
------------------------------------------
-----------------------------------------
| rollout/                |             |
|    ep_len_mean          | 226         |
|    ep_rew_mean          | 200         |
| time/                   |             |
|    fps                  | 1770        |
|    iterations           | 33          |
|    time_elapsed         | 38          |
|    total_timesteps      | 1052672     |
| train/                  |             |
|    approx_kl            | 0.008082749 |
|    clip_fraction        | 0.0513      |
|    clip_range           | 0.2         |
|    entropy_loss         | -0.34       |
|    explained_variance   | 0.921       |
|    learning_rate        | 0.0003      |
|    loss                 | 20.9        |
|    n_updates            | 5130        |
|    policy_gradient_loss | -0.0153     |
|    value_loss           | 55.8        |
-----------------------------------------
-----------------------------------------
| rollout/                |             |
|    ep_len_mean          | 224         |
|    ep_rew_mean          | 201         |
| time/                   |             |
|    fps                  | 1770        |
|    iterations           | 34          |
|    time_elapsed         | 39          |
|    total_timesteps      | 1054720     |
| train/                  |             |
|    approx_kl            | 0.009634577 |
|    clip_fraction        | 0.0692      |
|    clip_range           | 0.2         |
|    entropy_loss         | -0.465      |
|    explained_variance   | 0.97        |
|    learning_rate        | 0.0003      |
|    loss                 | 9.64        |
|    n_updates            | 5140        |
|    policy_gradient_loss | -0.00973    |
|    value_loss           | 29.9        |
-----------------------------------------
------------------------------------------
| rollout/                |              |
|    ep_len_mean          | 219          |
|    ep_rew_mean          | 201          |
| time/                   |              |
|    fps                  | 1766         |
|    iterations           | 35           |
|    time_elapsed         | 40           |
|    total_timesteps      | 1056768      |
| train/                  |              |
|    approx_kl            | 0.0052605695 |
|    clip_fraction        | 0.0411       |
|    clip_range           | 0.2          |
|    entropy_loss         | -0.328       |
|    explained_variance   | 0.882        |
|    learning_rate        | 0.0003       |
|    loss                 | 30           |
|    n_updates            | 5150         |
|    policy_gradient_loss | -0.00992     |
|    value_loss           | 74.1         |
------------------------------------------
-----------------------------------------
| rollout/                |             |
|    ep_len_mean          | 219         |
|    ep_rew_mean          | 200         |
| time/                   |             |
|    fps                  | 1761        |
|    iterations           | 36          |
|    time_elapsed         | 41          |
|    total_timesteps      | 1058816     |
| train/                  |             |
|    approx_kl            | 0.008746374 |
|    clip_fraction        | 0.0529      |
|    clip_range           | 0.2         |
|    entropy_loss         | -0.318      |
|    explained_variance   | 0.925       |
|    learning_rate        | 0.0003      |
|    loss                 | 18          |
|    n_updates            | 5160        |
|    policy_gradient_loss | -0.0131     |
|    value_loss           | 48.2        |
-----------------------------------------
-----------------------------------------
| rollout/                |             |
|    ep_len_mean          | 223         |
|    ep_rew_mean          | 198         |
| time/                   |             |
|    fps                  | 1756        |
|    iterations           | 37          |
|    time_elapsed         | 43          |
|    total_timesteps      | 1060864     |
| train/                  |             |
|    approx_kl            | 0.010241024 |
|    clip_fraction        | 0.0561      |
|    clip_range           | 0.2         |
|    entropy_loss         | -0.481      |
|    explained_variance   | 0.927       |
|    learning_rate        | 0.0003      |
|    loss                 | 18.9        |
|    n_updates            | 5170        |
|    policy_gradient_loss | -0.0112     |
|    value_loss           | 66.9        |
-----------------------------------------
-----------------------------------------
| rollout/                |             |
|    ep_len_mean          | 218         |
|    ep_rew_mean          | 202         |
| time/                   |             |
|    fps                  | 1755        |
|    iterations           | 38          |
|    time_elapsed         | 44          |
|    total_timesteps      | 1062912     |
| train/                  |             |
|    approx_kl            | 0.027155356 |
|    clip_fraction        | 0.108       |
|    clip_range           | 0.2         |
|    entropy_loss         | -0.765      |
|    explained_variance   | 0.949       |
|    learning_rate        | 0.0003      |
|    loss                 | 9.35        |
|    n_updates            | 5180        |
|    policy_gradient_loss | -0.0108     |
|    value_loss           | 37.1        |
-----------------------------------------
------------------------------------------
| rollout/                |              |
|    ep_len_mean          | 217          |
|    ep_rew_mean          | 200          |
| time/                   |              |
|    fps                  | 1753         |
|    iterations           | 39           |
|    time_elapsed         | 45           |
|    total_timesteps      | 1064960      |
| train/                  |              |
|    approx_kl            | 0.0038395545 |
|    clip_fraction        | 0.0385       |
|    clip_range           | 0.2          |
|    entropy_loss         | -0.271       |
|    explained_variance   | 0.883        |
|    learning_rate        | 0.0003       |
|    loss                 | 19.1         |
|    n_updates            | 5190         |
|    policy_gradient_loss | -0.0101      |
|    value_loss           | 65           |
------------------------------------------
-----------------------------------------
| rollout/                |             |
|    ep_len_mean          | 216         |
|    ep_rew_mean          | 200         |
| time/                   |             |
|    fps                  | 1752        |
|    iterations           | 40          |
|    time_elapsed         | 46          |
|    total_timesteps      | 1067008     |
| train/                  |             |
|    approx_kl            | 0.009177232 |
|    clip_fraction        | 0.0454      |
|    clip_range           | 0.2         |
|    entropy_loss         | -0.424      |
|    explained_variance   | 0.927       |
|    learning_rate        | 0.0003      |
|    loss                 | 16          |
|    n_updates            | 5200        |
|    policy_gradient_loss | -0.0107     |
|    value_loss           | 66.3        |
-----------------------------------------
-----------------------------------------
| rollout/                |             |
|    ep_len_mean          | 204         |
|    ep_rew_mean          | 213         |
| time/                   |             |
|    fps                  | 1750        |
|    iterations           | 41          |
|    time_elapsed         | 47          |
|    total_timesteps      | 1069056     |
| train/                  |             |
|    approx_kl            | 0.008313212 |
|    clip_fraction        | 0.0796      |
|    clip_range           | 0.2         |
|    entropy_loss         | -0.369      |
|    explained_variance   | 0.929       |
|    learning_rate        | 0.0003      |
|    loss                 | 10          |
|    n_updates            | 5210        |
|    policy_gradient_loss | -0.0161     |
|    value_loss           | 36.1        |
-----------------------------------------
------------------------------------------
| rollout/                |              |
|    ep_len_mean          | 203          |
|    ep_rew_mean          | 212          |
| time/                   |              |
|    fps                  | 1747         |
|    iterations           | 42           |
|    time_elapsed         | 49           |
|    total_timesteps      | 1071104      |
| train/                  |              |
|    approx_kl            | 0.0056027863 |
|    clip_fraction        | 0.0416       |
|    clip_range           | 0.2          |
|    entropy_loss         | -0.298       |
|    explained_variance   | 0.89         |
|    learning_rate        | 0.0003       |
|    loss                 | 14.7         |
|    n_updates            | 5220         |
|    policy_gradient_loss | -0.0111      |
|    value_loss           | 54           |
------------------------------------------
-----------------------------------------
| rollout/                |             |
|    ep_len_mean          | 206         |
|    ep_rew_mean          | 213         |
| time/                   |             |
|    fps                  | 1745        |
|    iterations           | 43          |
|    time_elapsed         | 50          |
|    total_timesteps      | 1073152     |
| train/                  |             |
|    approx_kl            | 0.018370597 |
|    clip_fraction        | 0.129       |
|    clip_range           | 0.2         |
|    entropy_loss         | -0.571      |
|    explained_variance   | 0.954       |
|    learning_rate        | 0.0003      |
|    loss                 | 11.3        |
|    n_updates            | 5230        |
|    policy_gradient_loss | -0.0103     |
|    value_loss           | 37.3        |
-----------------------------------------
-----------------------------------------
| rollout/                |             |
|    ep_len_mean          | 205         |
|    ep_rew_mean          | 213         |
| time/                   |             |
|    fps                  | 1739        |
|    iterations           | 44          |
|    time_elapsed         | 51          |
|    total_timesteps      | 1075200     |
| train/                  |             |
|    approx_kl            | 0.006457193 |
|    clip_fraction        | 0.0675      |
|    clip_range           | 0.2         |
|    entropy_loss         | -0.439      |
|    explained_variance   | 0.927       |
|    learning_rate        | 0.0003      |
|    loss                 | 23.9        |
|    n_updates            | 5240        |
|    policy_gradient_loss | -0.00696    |
|    value_loss           | 70.9        |
-----------------------------------------
-----------------------------------------
| rollout/                |             |
|    ep_len_mean          | 199         |
|    ep_rew_mean          | 217         |
| time/                   |             |
|    fps                  | 1739        |
|    iterations           | 45          |
|    time_elapsed         | 52          |
|    total_timesteps      | 1077248     |
| train/                  |             |
|    approx_kl            | 0.003898583 |
|    clip_fraction        | 0.0281      |
|    clip_range           | 0.2         |
|    entropy_loss         | -0.306      |
|    explained_variance   | 0.909       |
|    learning_rate        | 0.0003      |
|    loss                 | 25.7        |
|    n_updates            | 5250        |
|    policy_gradient_loss | -0.00821    |
|    value_loss           | 57.7        |
-----------------------------------------
------------------------------------------
| rollout/                |              |
|    ep_len_mean          | 184          |
|    ep_rew_mean          | 229          |
| time/                   |              |
|    fps                  | 1738         |
|    iterations           | 46           |
|    time_elapsed         | 54           |
|    total_timesteps      | 1079296      |
| train/                  |              |
|    approx_kl            | 0.0084980335 |
|    clip_fraction        | 0.0458       |
|    clip_range           | 0.2          |
|    entropy_loss         | -0.206       |
|    explained_variance   | 0.902        |
|    learning_rate        | 0.0003       |
|    loss                 | 9.59         |
|    n_updates            | 5260         |
|    policy_gradient_loss | -0.0119      |
|    value_loss           | 29.6         |
------------------------------------------
-----------------------------------------
| rollout/                |             |
|    ep_len_mean          | 188         |
|    ep_rew_mean          | 223         |
| time/                   |             |
|    fps                  | 1735        |
|    iterations           | 47          |
|    time_elapsed         | 55          |
|    total_timesteps      | 1081344     |
| train/                  |             |
|    approx_kl            | 0.007723597 |
|    clip_fraction        | 0.0459      |
|    clip_range           | 0.2         |
|    entropy_loss         | -0.254      |
|    explained_variance   | 0.943       |
|    learning_rate        | 0.0003      |
|    loss                 | 8.06        |
|    n_updates            | 5270        |
|    policy_gradient_loss | -0.0127     |
|    value_loss           | 29.4        |
-----------------------------------------
------------------------------------------
| rollout/                |              |
|    ep_len_mean          | 186          |
|    ep_rew_mean          | 227          |
| time/                   |              |
|    fps                  | 1734         |
|    iterations           | 48           |
|    time_elapsed         | 56           |
|    total_timesteps      | 1083392      |
| train/                  |              |
|    approx_kl            | 0.0044291075 |
|    clip_fraction        | 0.0553       |
|    clip_range           | 0.2          |
|    entropy_loss         | -0.453       |
|    explained_variance   | 0.901        |
|    learning_rate        | 0.0003       |
|    loss                 | 11           |
|    n_updates            | 5280         |
|    policy_gradient_loss | -0.00606     |
|    value_loss           | 43.4         |
------------------------------------------
------------------------------------------
| rollout/                |              |
|    ep_len_mean          | 191          |
|    ep_rew_mean          | 225          |
| time/                   |              |
|    fps                  | 1732         |
|    iterations           | 49           |
|    time_elapsed         | 57           |
|    total_timesteps      | 1085440      |
| train/                  |              |
|    approx_kl            | 0.0042458763 |
|    clip_fraction        | 0.0477       |
|    clip_range           | 0.2          |
|    entropy_loss         | -0.332       |
|    explained_variance   | 0.878        |
|    learning_rate        | 0.0003       |
|    loss                 | 41.9         |
|    n_updates            | 5290         |
|    policy_gradient_loss | -0.00965     |
|    value_loss           | 82.1         |
------------------------------------------
 100% ━━━━━━━━━━━━━━━━━━━━━━ 100,352/100,000  [ 0:00:57 < 0:00:00 , 1,715 it/s ]

  [eval @ 200,000] success=40.0% (12/30)
---------------------------------
| rollout/           |          |
|    ep_len_mean     | 194      |
|    ep_rew_mean     | 222      |
| time/              |          |
|    fps             | 2070     |
|    iterations      | 1        |
|    time_elapsed    | 0        |
|    total_timesteps | 1087488  |
---------------------------------
-----------------------------------------
| rollout/                |             |
|    ep_len_mean          | 192         |
|    ep_rew_mean          | 222         |
| time/                   |             |
|    fps                  | 1845        |
|    iterations           | 2           |
|    time_elapsed         | 2           |
|    total_timesteps      | 1089536     |
| train/                  |             |
|    approx_kl            | 0.010629194 |
|    clip_fraction        | 0.0627      |
|    clip_range           | 0.2         |
|    entropy_loss         | -0.457      |
|    explained_variance   | 0.924       |
|    learning_rate        | 0.0003      |
|    loss                 | 13.5        |
|    n_updates            | 5310        |
|    policy_gradient_loss | -0.0116     |
|    value_loss           | 47.2        |
-----------------------------------------
-----------------------------------------
| rollout/                |             |
|    ep_len_mean          | 192         |
|    ep_rew_mean          | 220         |
| time/                   |             |
|    fps                  | 1766        |
|    iterations           | 3           |
|    time_elapsed         | 3           |
|    total_timesteps      | 1091584     |
| train/                  |             |
|    approx_kl            | 0.006773196 |
|    clip_fraction        | 0.0713      |
|    clip_range           | 0.2         |
|    entropy_loss         | -0.423      |
|    explained_variance   | 0.947       |
|    learning_rate        | 0.0003      |
|    loss                 | 17.8        |
|    n_updates            | 5320        |
|    policy_gradient_loss | -0.012      |
|    value_loss           | 44.5        |
-----------------------------------------
-----------------------------------------
| rollout/                |             |
|    ep_len_mean          | 198         |
|    ep_rew_mean          | 214         |
| time/                   |             |
|    fps                  | 1729        |
|    iterations           | 4           |
|    time_elapsed         | 4           |
|    total_timesteps      | 1093632     |
| train/                  |             |
|    approx_kl            | 0.007588138 |
|    clip_fraction        | 0.0692      |
|    clip_range           | 0.2         |
|    entropy_loss         | -0.51       |
|    explained_variance   | 0.936       |
|    learning_rate        | 0.0003      |
|    loss                 | 34.6        |
|    n_updates            | 5330        |
|    policy_gradient_loss | -0.00888    |
|    value_loss           | 71.2        |
-----------------------------------------
-----------------------------------------
| rollout/                |             |
|    ep_len_mean          | 198         |
|    ep_rew_mean          | 213         |
| time/                   |             |
|    fps                  | 1704        |
|    iterations           | 5           |
|    time_elapsed         | 6           |
|    total_timesteps      | 1095680     |
| train/                  |             |
|    approx_kl            | 0.011698941 |
|    clip_fraction        | 0.107       |
|    clip_range           | 0.2         |
|    entropy_loss         | -0.66       |
|    explained_variance   | 0.967       |
|    learning_rate        | 0.0003      |
|    loss                 | 15.4        |
|    n_updates            | 5340        |
|    policy_gradient_loss | -0.0118     |
|    value_loss           | 41.8        |
-----------------------------------------
-----------------------------------------
| rollout/                |             |
|    ep_len_mean          | 201         |
|    ep_rew_mean          | 211         |
| time/                   |             |
|    fps                  | 1612        |
|    iterations           | 6           |
|    time_elapsed         | 7           |
|    total_timesteps      | 1097728     |
| train/                  |             |
|    approx_kl            | 0.011379654 |
|    clip_fraction        | 0.0774      |
|    clip_range           | 0.2         |
|    entropy_loss         | -0.538      |
|    explained_variance   | 0.965       |
|    learning_rate        | 0.0003      |
|    loss                 | 14.5        |
|    n_updates            | 5350        |
|    policy_gradient_loss | -0.00867    |
|    value_loss           | 53.7        |
-----------------------------------------
------------------------------------------
| rollout/                |              |
|    ep_len_mean          | 206          |
|    ep_rew_mean          | 207          |
| time/                   |              |
|    fps                  | 1631         |
|    iterations           | 7            |
|    time_elapsed         | 8            |
|    total_timesteps      | 1099776      |
| train/                  |              |
|    approx_kl            | 0.0052355565 |
|    clip_fraction        | 0.0421       |
|    clip_range           | 0.2          |
|    entropy_loss         | -0.274       |
|    explained_variance   | 0.923        |
|    learning_rate        | 0.0003       |
|    loss                 | 13.4         |
|    n_updates            | 5360         |
|    policy_gradient_loss | -0.0123      |
|    value_loss           | 51.6         |
------------------------------------------
-----------------------------------------
| rollout/                |             |
|    ep_len_mean          | 200         |
|    ep_rew_mean          | 211         |
| time/                   |             |
|    fps                  | 1629        |
|    iterations           | 8           |
|    time_elapsed         | 10          |
|    total_timesteps      | 1101824     |
| train/                  |             |
|    approx_kl            | 0.004963333 |
|    clip_fraction        | 0.055       |
|    clip_range           | 0.2         |
|    entropy_loss         | -0.343      |
|    explained_variance   | 0.957       |
|    learning_rate        | 0.0003      |
|    loss                 | 13.2        |
|    n_updates            | 5370        |
|    policy_gradient_loss | -0.00984    |
|    value_loss           | 36.5        |
-----------------------------------------
------------------------------------------
| rollout/                |              |
|    ep_len_mean          | 199          |
|    ep_rew_mean          | 210          |
| time/                   |              |
|    fps                  | 1637         |
|    iterations           | 9            |
|    time_elapsed         | 11           |
|    total_timesteps      | 1103872      |
| train/                  |              |
|    approx_kl            | 0.0057241404 |
|    clip_fraction        | 0.049        |
|    clip_range           | 0.2          |
|    entropy_loss         | -0.318       |
|    explained_variance   | 0.962        |
|    learning_rate        | 0.0003       |
|    loss                 | 13.1         |
|    n_updates            | 5380         |
|    policy_gradient_loss | -0.0105      |
|    value_loss           | 38.8         |
------------------------------------------
-----------------------------------------
| rollout/                |             |
|    ep_len_mean          | 196         |
|    ep_rew_mean          | 209         |
| time/                   |             |
|    fps                  | 1622        |
|    iterations           | 10          |
|    time_elapsed         | 12          |
|    total_timesteps      | 1105920     |
| train/                  |             |
|    approx_kl            | 0.013988085 |
|    clip_fraction        | 0.0792      |
|    clip_range           | 0.2         |
|    entropy_loss         | -0.44       |
|    explained_variance   | 0.974       |
|    learning_rate        | 0.0003      |
|    loss                 | 6.7         |
|    n_updates            | 5390        |
|    policy_gradient_loss | -0.00869    |
|    value_loss           | 19.9        |
-----------------------------------------
-----------------------------------------
| rollout/                |             |
|    ep_len_mean          | 200         |
|    ep_rew_mean          | 209         |
| time/                   |             |
|    fps                  | 1624        |
|    iterations           | 11          |
|    time_elapsed         | 13          |
|    total_timesteps      | 1107968     |
| train/                  |             |
|    approx_kl            | 0.007625253 |
|    clip_fraction        | 0.0658      |
|    clip_range           | 0.2         |
|    entropy_loss         | -0.483      |
|    explained_variance   | 0.974       |
|    learning_rate        | 0.0003      |
|    loss                 | 4.45        |
|    n_updates            | 5400        |
|    policy_gradient_loss | -0.0099     |
|    value_loss           | 23.2        |
-----------------------------------------
-----------------------------------------
| rollout/                |             |
|    ep_len_mean          | 195         |
|    ep_rew_mean          | 213         |
| time/                   |             |
|    fps                  | 1633        |
|    iterations           | 12          |
|    time_elapsed         | 15          |
|    total_timesteps      | 1110016     |
| train/                  |             |
|    approx_kl            | 0.004829213 |
|    clip_fraction        | 0.0396      |
|    clip_range           | 0.2         |
|    entropy_loss         | -0.455      |
|    explained_variance   | 0.866       |
|    learning_rate        | 0.0003      |
|    loss                 | 26.8        |
|    n_updates            | 5410        |
|    policy_gradient_loss | -0.00899    |
|    value_loss           | 89.2        |
-----------------------------------------
-----------------------------------------
| rollout/                |             |
|    ep_len_mean          | 192         |
|    ep_rew_mean          | 215         |
| time/                   |             |
|    fps                  | 1639        |
|    iterations           | 13          |
|    time_elapsed         | 16          |
|    total_timesteps      | 1112064     |
| train/                  |             |
|    approx_kl            | 0.006418417 |
|    clip_fraction        | 0.0511      |
|    clip_range           | 0.2         |
|    entropy_loss         | -0.358      |
|    explained_variance   | 0.955       |
|    learning_rate        | 0.0003      |
|    loss                 | 13.2        |
|    n_updates            | 5420        |
|    policy_gradient_loss | -0.0102     |
|    value_loss           | 41.5        |
-----------------------------------------
------------------------------------------
| rollout/                |              |
|    ep_len_mean          | 191          |
|    ep_rew_mean          | 215          |
| time/                   |              |
|    fps                  | 1640         |
|    iterations           | 14           |
|    time_elapsed         | 17           |
|    total_timesteps      | 1114112      |
| train/                  |              |
|    approx_kl            | 0.0056595095 |
|    clip_fraction        | 0.0458       |
|    clip_range           | 0.2          |
|    entropy_loss         | -0.402       |
|    explained_variance   | 0.957        |
|    learning_rate        | 0.0003       |
|    loss                 | 14.5         |
|    n_updates            | 5430         |
|    policy_gradient_loss | -0.00904     |
|    value_loss           | 56.3         |
------------------------------------------
-----------------------------------------
| rollout/                |             |
|    ep_len_mean          | 195         |
|    ep_rew_mean          | 212         |
| time/                   |             |
|    fps                  | 1652        |
|    iterations           | 15          |
|    time_elapsed         | 18          |
|    total_timesteps      | 1116160     |
| train/                  |             |
|    approx_kl            | 0.016191533 |
|    clip_fraction        | 0.129       |
|    clip_range           | 0.2         |
|    entropy_loss         | -0.737      |
|    explained_variance   | 0.974       |
|    learning_rate        | 0.0003      |
|    loss                 | 7.75        |
|    n_updates            | 5440        |
|    policy_gradient_loss | -0.0108     |
|    value_loss           | 22.6        |
-----------------------------------------
-----------------------------------------
| rollout/                |             |
|    ep_len_mean          | 195         |
|    ep_rew_mean          | 211         |
| time/                   |             |
|    fps                  | 1658        |
|    iterations           | 16          |
|    time_elapsed         | 19          |
|    total_timesteps      | 1118208     |
| train/                  |             |
|    approx_kl            | 0.008050242 |
|    clip_fraction        | 0.102       |
|    clip_range           | 0.2         |
|    entropy_loss         | -0.667      |
|    explained_variance   | 0.967       |
|    learning_rate        | 0.0003      |
|    loss                 | 6.9         |
|    n_updates            | 5450        |
|    policy_gradient_loss | -0.00997    |
|    value_loss           | 35.4        |
-----------------------------------------
-----------------------------------------
| rollout/                |             |
|    ep_len_mean          | 195         |
|    ep_rew_mean          | 211         |
| time/                   |             |
|    fps                  | 1664        |
|    iterations           | 17          |
|    time_elapsed         | 20          |
|    total_timesteps      | 1120256     |
| train/                  |             |
|    approx_kl            | 0.005910158 |
|    clip_fraction        | 0.0485      |
|    clip_range           | 0.2         |
|    entropy_loss         | -0.419      |
|    explained_variance   | 0.972       |
|    learning_rate        | 0.0003      |
|    loss                 | 15.7        |
|    n_updates            | 5460        |
|    policy_gradient_loss | -0.00889    |
|    value_loss           | 36.3        |
-----------------------------------------
-----------------------------------------
| rollout/                |             |
|    ep_len_mean          | 202         |
|    ep_rew_mean          | 205         |
| time/                   |             |
|    fps                  | 1667        |
|    iterations           | 18          |
|    time_elapsed         | 22          |
|    total_timesteps      | 1122304     |
| train/                  |             |
|    approx_kl            | 0.009021735 |
|    clip_fraction        | 0.0773      |
|    clip_range           | 0.2         |
|    entropy_loss         | -0.526      |
|    explained_variance   | 0.97        |
|    learning_rate        | 0.0003      |
|    loss                 | 17.9        |
|    n_updates            | 5470        |
|    policy_gradient_loss | -0.0119     |
|    value_loss           | 33.8        |
-----------------------------------------
-----------------------------------------
| rollout/                |             |
|    ep_len_mean          | 207         |
|    ep_rew_mean          | 203         |
| time/                   |             |
|    fps                  | 1669        |
|    iterations           | 19          |
|    time_elapsed         | 23          |
|    total_timesteps      | 1124352     |
| train/                  |             |
|    approx_kl            | 0.009191841 |
|    clip_fraction        | 0.0686      |
|    clip_range           | 0.2         |
|    entropy_loss         | -0.69       |
|    explained_variance   | 0.963       |
|    learning_rate        | 0.0003      |
|    loss                 | 8.76        |
|    n_updates            | 5480        |
|    policy_gradient_loss | -0.00795    |
|    value_loss           | 35          |
-----------------------------------------
-----------------------------------------
| rollout/                |             |
|    ep_len_mean          | 211         |
|    ep_rew_mean          | 200         |
| time/                   |             |
|    fps                  | 1676        |
|    iterations           | 20          |
|    time_elapsed         | 24          |
|    total_timesteps      | 1126400     |
| train/                  |             |
|    approx_kl            | 0.009012826 |
|    clip_fraction        | 0.105       |
|    clip_range           | 0.2         |
|    entropy_loss         | -0.698      |
|    explained_variance   | 0.967       |
|    learning_rate        | 0.0003      |
|    loss                 | 11.2        |
|    n_updates            | 5490        |
|    policy_gradient_loss | -0.00972    |
|    value_loss           | 37.3        |
-----------------------------------------
-----------------------------------------
| rollout/                |             |
|    ep_len_mean          | 211         |
|    ep_rew_mean          | 200         |
| time/                   |             |
|    fps                  | 1680        |
|    iterations           | 21          |
|    time_elapsed         | 25          |
|    total_timesteps      | 1128448     |
| train/                  |             |
|    approx_kl            | 0.010873779 |
|    clip_fraction        | 0.125       |
|    clip_range           | 0.2         |
|    entropy_loss         | -0.819      |
|    explained_variance   | 0.965       |
|    learning_rate        | 0.0003      |
|    loss                 | 10.6        |
|    n_updates            | 5500        |
|    policy_gradient_loss | -0.0136     |
|    value_loss           | 33.5        |
-----------------------------------------
-----------------------------------------
| rollout/                |             |
|    ep_len_mean          | 206         |
|    ep_rew_mean          | 204         |
| time/                   |             |
|    fps                  | 1684        |
|    iterations           | 22          |
|    time_elapsed         | 26          |
|    total_timesteps      | 1130496     |
| train/                  |             |
|    approx_kl            | 0.004953874 |
|    clip_fraction        | 0.0426      |
|    clip_range           | 0.2         |
|    entropy_loss         | -0.346      |
|    explained_variance   | 0.905       |
|    learning_rate        | 0.0003      |
|    loss                 | 14.3        |
|    n_updates            | 5510        |
|    policy_gradient_loss | -0.012      |
|    value_loss           | 50.6        |
-----------------------------------------
-----------------------------------------
| rollout/                |             |
|    ep_len_mean          | 206         |
|    ep_rew_mean          | 206         |
| time/                   |             |
|    fps                  | 1688        |
|    iterations           | 23          |
|    time_elapsed         | 27          |
|    total_timesteps      | 1132544     |
| train/                  |             |
|    approx_kl            | 0.005981442 |
|    clip_fraction        | 0.0585      |
|    clip_range           | 0.2         |
|    entropy_loss         | -0.342      |
|    explained_variance   | 0.925       |
|    learning_rate        | 0.0003      |
|    loss                 | 13.5        |
|    n_updates            | 5520        |
|    policy_gradient_loss | -0.0126     |
|    value_loss           | 41.2        |
-----------------------------------------
----------------------------------------
| rollout/                |            |
|    ep_len_mean          | 200        |
|    ep_rew_mean          | 210        |
| time/                   |            |
|    fps                  | 1691       |
|    iterations           | 24         |
|    time_elapsed         | 29         |
|    total_timesteps      | 1134592    |
| train/                  |            |
|    approx_kl            | 0.00870938 |
|    clip_fraction        | 0.0526     |
|    clip_range           | 0.2        |
|    entropy_loss         | -0.323     |
|    explained_variance   | 0.943      |
|    learning_rate        | 0.0003     |
|    loss                 | 10.8       |
|    n_updates            | 5530       |
|    policy_gradient_loss | -0.0146    |
|    value_loss           | 30.4       |
----------------------------------------
------------------------------------------
| rollout/                |              |
|    ep_len_mean          | 198          |
|    ep_rew_mean          | 211          |
| time/                   |              |
|    fps                  | 1698         |
|    iterations           | 25           |
|    time_elapsed         | 30           |
|    total_timesteps      | 1136640      |
| train/                  |              |
|    approx_kl            | 0.0053327857 |
|    clip_fraction        | 0.0391       |
|    clip_range           | 0.2          |
|    entropy_loss         | -0.289       |
|    explained_variance   | 0.944        |
|    learning_rate        | 0.0003       |
|    loss                 | 10.5         |
|    n_updates            | 5540         |
|    policy_gradient_loss | -0.0095      |
|    value_loss           | 36.2         |
------------------------------------------
-----------------------------------------
| rollout/                |             |
|    ep_len_mean          | 194         |
|    ep_rew_mean          | 213         |
| time/                   |             |
|    fps                  | 1704        |
|    iterations           | 26          |
|    time_elapsed         | 31          |
|    total_timesteps      | 1138688     |
| train/                  |             |
|    approx_kl            | 0.018373378 |
|    clip_fraction        | 0.114       |
|    clip_range           | 0.2         |
|    entropy_loss         | -0.588      |
|    explained_variance   | 0.955       |
|    learning_rate        | 0.0003      |
|    loss                 | 7.63        |
|    n_updates            | 5550        |
|    policy_gradient_loss | -0.0208     |
|    value_loss           | 31.1        |
-----------------------------------------
-----------------------------------------
| rollout/                |             |
|    ep_len_mean          | 188         |
|    ep_rew_mean          | 219         |
| time/                   |             |
|    fps                  | 1707        |
|    iterations           | 27          |
|    time_elapsed         | 32          |
|    total_timesteps      | 1140736     |
| train/                  |             |
|    approx_kl            | 0.009572412 |
|    clip_fraction        | 0.0841      |
|    clip_range           | 0.2         |
|    entropy_loss         | -0.428      |
|    explained_variance   | 0.959       |
|    learning_rate        | 0.0003      |
|    loss                 | 11.7        |
|    n_updates            | 5560        |
|    policy_gradient_loss | -0.0156     |
|    value_loss           | 31.9        |
-----------------------------------------
----------------------------------------
| rollout/                |            |
|    ep_len_mean          | 187        |
|    ep_rew_mean          | 219        |
| time/                   |            |
|    fps                  | 1712       |
|    iterations           | 28         |
|    time_elapsed         | 33         |
|    total_timesteps      | 1142784    |
| train/                  |            |
|    approx_kl            | 0.01175391 |
|    clip_fraction        | 0.0443     |
|    clip_range           | 0.2        |
|    entropy_loss         | -0.175     |
|    explained_variance   | 0.938      |
|    learning_rate        | 0.0003     |
|    loss                 | 8.29       |
|    n_updates            | 5570       |
|    policy_gradient_loss | -0.0132    |
|    value_loss           | 23.6       |
----------------------------------------
-----------------------------------------
| rollout/                |             |
|    ep_len_mean          | 182         |
|    ep_rew_mean          | 224         |
| time/                   |             |
|    fps                  | 1713        |
|    iterations           | 29          |
|    time_elapsed         | 34          |
|    total_timesteps      | 1144832     |
| train/                  |             |
|    approx_kl            | 0.007676691 |
|    clip_fraction        | 0.0644      |
|    clip_range           | 0.2         |
|    entropy_loss         | -0.619      |
|    explained_variance   | 0.964       |
|    learning_rate        | 0.0003      |
|    loss                 | 11.4        |
|    n_updates            | 5580        |
|    policy_gradient_loss | -0.00933    |
|    value_loss           | 41          |
-----------------------------------------
------------------------------------------
| rollout/                |              |
|    ep_len_mean          | 187          |
|    ep_rew_mean          | 218          |
| time/                   |              |
|    fps                  | 1718         |
|    iterations           | 30           |
|    time_elapsed         | 35           |
|    total_timesteps      | 1146880      |
| train/                  |              |
|    approx_kl            | 0.0069881515 |
|    clip_fraction        | 0.067        |
|    clip_range           | 0.2          |
|    entropy_loss         | -0.563       |
|    explained_variance   | 0.97         |
|    learning_rate        | 0.0003       |
|    loss                 | 10.2         |
|    n_updates            | 5590         |
|    policy_gradient_loss | -0.0106      |
|    value_loss           | 26           |
------------------------------------------
-----------------------------------------
| rollout/                |             |
|    ep_len_mean          | 193         |
|    ep_rew_mean          | 212         |
| time/                   |             |
|    fps                  | 1717        |
|    iterations           | 31          |
|    time_elapsed         | 36          |
|    total_timesteps      | 1148928     |
| train/                  |             |
|    approx_kl            | 0.020882547 |
|    clip_fraction        | 0.176       |
|    clip_range           | 0.2         |
|    entropy_loss         | -1.12       |
|    explained_variance   | 0.977       |
|    learning_rate        | 0.0003      |
|    loss                 | 3.55        |
|    n_updates            | 5600        |
|    policy_gradient_loss | -0.014      |
|    value_loss           | 17.2        |
-----------------------------------------
-----------------------------------------
| rollout/                |             |
|    ep_len_mean          | 196         |
|    ep_rew_mean          | 212         |
| time/                   |             |
|    fps                  | 1719        |
|    iterations           | 32          |
|    time_elapsed         | 38          |
|    total_timesteps      | 1150976     |
| train/                  |             |
|    approx_kl            | 0.008774559 |
|    clip_fraction        | 0.0642      |
|    clip_range           | 0.2         |
|    entropy_loss         | -0.422      |
|    explained_variance   | 0.944       |
|    learning_rate        | 0.0003      |
|    loss                 | 10.2        |
|    n_updates            | 5610        |
|    policy_gradient_loss | -0.011      |
|    value_loss           | 36.2        |
-----------------------------------------
-----------------------------------------
| rollout/                |             |
|    ep_len_mean          | 198         |
|    ep_rew_mean          | 208         |
| time/                   |             |
|    fps                  | 1725        |
|    iterations           | 33          |
|    time_elapsed         | 39          |
|    total_timesteps      | 1153024     |
| train/                  |             |
|    approx_kl            | 0.011729004 |
|    clip_fraction        | 0.0937      |
|    clip_range           | 0.2         |
|    entropy_loss         | -0.516      |
|    explained_variance   | 0.94        |
|    learning_rate        | 0.0003      |
|    loss                 | 23          |
|    n_updates            | 5620        |
|    policy_gradient_loss | -0.0124     |
|    value_loss           | 55.5        |
-----------------------------------------
-----------------------------------------
| rollout/                |             |
|    ep_len_mean          | 202         |
|    ep_rew_mean          | 207         |
| time/                   |             |
|    fps                  | 1727        |
|    iterations           | 34          |
|    time_elapsed         | 40          |
|    total_timesteps      | 1155072     |
| train/                  |             |
|    approx_kl            | 0.009925876 |
|    clip_fraction        | 0.0778      |
|    clip_range           | 0.2         |
|    entropy_loss         | -0.525      |
|    explained_variance   | 0.968       |
|    learning_rate        | 0.0003      |
|    loss                 | 4.14        |
|    n_updates            | 5630        |
|    policy_gradient_loss | -0.0115     |
|    value_loss           | 19.4        |
-----------------------------------------
-----------------------------------------
| rollout/                |             |
|    ep_len_mean          | 205         |
|    ep_rew_mean          | 205         |
| time/                   |             |
|    fps                  | 1729        |
|    iterations           | 35          |
|    time_elapsed         | 41          |
|    total_timesteps      | 1157120     |
| train/                  |             |
|    approx_kl            | 0.005793888 |
|    clip_fraction        | 0.0415      |
|    clip_range           | 0.2         |
|    entropy_loss         | -0.463      |
|    explained_variance   | 0.925       |
|    learning_rate        | 0.0003      |
|    loss                 | 10.4        |
|    n_updates            | 5640        |
|    policy_gradient_loss | -0.0141     |
|    value_loss           | 42.7        |
-----------------------------------------
-----------------------------------------
| rollout/                |             |
|    ep_len_mean          | 208         |
|    ep_rew_mean          | 204         |
| time/                   |             |
|    fps                  | 1731        |
|    iterations           | 36          |
|    time_elapsed         | 42          |
|    total_timesteps      | 1159168     |
| train/                  |             |
|    approx_kl            | 0.016159099 |
|    clip_fraction        | 0.11        |
|    clip_range           | 0.2         |
|    entropy_loss         | -0.868      |
|    explained_variance   | 0.961       |
|    learning_rate        | 0.0003      |
|    loss                 | 6.01        |
|    n_updates            | 5650        |
|    policy_gradient_loss | -0.0103     |
|    value_loss           | 30.1        |
-----------------------------------------
-----------------------------------------
| rollout/                |             |
|    ep_len_mean          | 211         |
|    ep_rew_mean          | 202         |
| time/                   |             |
|    fps                  | 1733        |
|    iterations           | 37          |
|    time_elapsed         | 43          |
|    total_timesteps      | 1161216     |
| train/                  |             |
|    approx_kl            | 0.011418657 |
|    clip_fraction        | 0.0753      |
|    clip_range           | 0.2         |
|    entropy_loss         | -0.423      |
|    explained_variance   | 0.955       |
|    learning_rate        | 0.0003      |
|    loss                 | 9.94        |
|    n_updates            | 5660        |
|    policy_gradient_loss | -0.0133     |
|    value_loss           | 31.5        |
-----------------------------------------
------------------------------------------
| rollout/                |              |
|    ep_len_mean          | 210          |
|    ep_rew_mean          | 202          |
| time/                   |              |
|    fps                  | 1736         |
|    iterations           | 38           |
|    time_elapsed         | 44           |
|    total_timesteps      | 1163264      |
| train/                  |              |
|    approx_kl            | 0.0059687207 |
|    clip_fraction        | 0.0483       |
|    clip_range           | 0.2          |
|    entropy_loss         | -0.378       |
|    explained_variance   | 0.94         |
|    learning_rate        | 0.0003       |
|    loss                 | 24.5         |
|    n_updates            | 5670         |
|    policy_gradient_loss | -0.0117      |
|    value_loss           | 51.5         |
------------------------------------------
----------------------------------------
| rollout/                |            |
|    ep_len_mean          | 207        |
|    ep_rew_mean          | 202        |
| time/                   |            |
|    fps                  | 1739       |
|    iterations           | 39         |
|    time_elapsed         | 45         |
|    total_timesteps      | 1165312    |
| train/                  |            |
|    approx_kl            | 0.01056447 |
|    clip_fraction        | 0.0768     |
|    clip_range           | 0.2        |
|    entropy_loss         | -0.511     |
|    explained_variance   | 0.978      |
|    learning_rate        | 0.0003     |
|    loss                 | 4.47       |
|    n_updates            | 5680       |
|    policy_gradient_loss | -0.0117    |
|    value_loss           | 18.7       |
----------------------------------------
------------------------------------------
| rollout/                |              |
|    ep_len_mean          | 198          |
|    ep_rew_mean          | 211          |
| time/                   |              |
|    fps                  | 1740         |
|    iterations           | 40           |
|    time_elapsed         | 47           |
|    total_timesteps      | 1167360      |
| train/                  |              |
|    approx_kl            | 0.0109080095 |
|    clip_fraction        | 0.0759       |
|    clip_range           | 0.2          |
|    entropy_loss         | -0.403       |
|    explained_variance   | 0.978        |
|    learning_rate        | 0.0003       |
|    loss                 | 6.58         |
|    n_updates            | 5690         |
|    policy_gradient_loss | -0.0104      |
|    value_loss           | 17.2         |
------------------------------------------
-----------------------------------------
| rollout/                |             |
|    ep_len_mean          | 208         |
|    ep_rew_mean          | 206         |
| time/                   |             |
|    fps                  | 1743        |
|    iterations           | 41          |
|    time_elapsed         | 48          |
|    total_timesteps      | 1169408     |
| train/                  |             |
|    approx_kl            | 0.005248133 |
|    clip_fraction        | 0.0423      |
|    clip_range           | 0.2         |
|    entropy_loss         | -0.337      |
|    explained_variance   | 0.933       |
|    learning_rate        | 0.0003      |
|    loss                 | 32          |
|    n_updates            | 5700        |
|    policy_gradient_loss | -0.011      |
|    value_loss           | 69.2        |
-----------------------------------------
-----------------------------------------
| rollout/                |             |
|    ep_len_mean          | 199         |
|    ep_rew_mean          | 211         |
| time/                   |             |
|    fps                  | 1743        |
|    iterations           | 42          |
|    time_elapsed         | 49          |
|    total_timesteps      | 1171456     |
| train/                  |             |
|    approx_kl            | 0.017198963 |
|    clip_fraction        | 0.135       |
|    clip_range           | 0.2         |
|    entropy_loss         | -0.817      |
|    explained_variance   | 0.932       |
|    learning_rate        | 0.0003      |
|    loss                 | 12.5        |
|    n_updates            | 5710        |
|    policy_gradient_loss | -0.0155     |
|    value_loss           | 37.7        |
-----------------------------------------
------------------------------------------
| rollout/                |              |
|    ep_len_mean          | 201          |
|    ep_rew_mean          | 211          |
| time/                   |              |
|    fps                  | 1743         |
|    iterations           | 43           |
|    time_elapsed         | 50           |
|    total_timesteps      | 1173504      |
| train/                  |              |
|    approx_kl            | 0.0050809286 |
|    clip_fraction        | 0.0335       |
|    clip_range           | 0.2          |
|    entropy_loss         | -0.169       |
|    explained_variance   | 0.888        |
|    learning_rate        | 0.0003       |
|    loss                 | 10           |
|    n_updates            | 5720         |
|    policy_gradient_loss | -0.0103      |
|    value_loss           | 33.6         |
------------------------------------------
-----------------------------------------
| rollout/                |             |
|    ep_len_mean          | 201         |
|    ep_rew_mean          | 211         |
| time/                   |             |
|    fps                  | 1746        |
|    iterations           | 44          |
|    time_elapsed         | 51          |
|    total_timesteps      | 1175552     |
| train/                  |             |
|    approx_kl            | 0.010036964 |
|    clip_fraction        | 0.091       |
|    clip_range           | 0.2         |
|    entropy_loss         | -0.481      |
|    explained_variance   | 0.954       |
|    learning_rate        | 0.0003      |
|    loss                 | 11.7        |
|    n_updates            | 5730        |
|    policy_gradient_loss | -0.0123     |
|    value_loss           | 25.3        |
-----------------------------------------
------------------------------------------
| rollout/                |              |
|    ep_len_mean          | 208          |
|    ep_rew_mean          | 206          |
| time/                   |              |
|    fps                  | 1748         |
|    iterations           | 45           |
|    time_elapsed         | 52           |
|    total_timesteps      | 1177600      |
| train/                  |              |
|    approx_kl            | 0.0132708475 |
|    clip_fraction        | 0.0894       |
|    clip_range           | 0.2          |
|    entropy_loss         | -0.607       |
|    explained_variance   | 0.954        |
|    learning_rate        | 0.0003       |
|    loss                 | 5.51         |
|    n_updates            | 5740         |
|    policy_gradient_loss | -0.0143      |
|    value_loss           | 29.5         |
------------------------------------------
-----------------------------------------
| rollout/                |             |
|    ep_len_mean          | 202         |
|    ep_rew_mean          | 210         |
| time/                   |             |
|    fps                  | 1749        |
|    iterations           | 46          |
|    time_elapsed         | 53          |
|    total_timesteps      | 1179648     |
| train/                  |             |
|    approx_kl            | 0.015187189 |
|    clip_fraction        | 0.111       |
|    clip_range           | 0.2         |
|    entropy_loss         | -0.895      |
|    explained_variance   | 0.964       |
|    learning_rate        | 0.0003      |
|    loss                 | 5           |
|    n_updates            | 5750        |
|    policy_gradient_loss | -0.0136     |
|    value_loss           | 22.2        |
-----------------------------------------
-----------------------------------------
| rollout/                |             |
|    ep_len_mean          | 205         |
|    ep_rew_mean          | 208         |
| time/                   |             |
|    fps                  | 1751        |
|    iterations           | 47          |
|    time_elapsed         | 54          |
|    total_timesteps      | 1181696     |
| train/                  |             |
|    approx_kl            | 0.006501358 |
|    clip_fraction        | 0.0483      |
|    clip_range           | 0.2         |
|    entropy_loss         | -0.273      |
|    explained_variance   | 0.946       |
|    learning_rate        | 0.0003      |
|    loss                 | 7.73        |
|    n_updates            | 5760        |
|    policy_gradient_loss | -0.012      |
|    value_loss           | 29.2        |
-----------------------------------------
-----------------------------------------
| rollout/                |             |
|    ep_len_mean          | 206         |
|    ep_rew_mean          | 207         |
| time/                   |             |
|    fps                  | 1752        |
|    iterations           | 48          |
|    time_elapsed         | 56          |
|    total_timesteps      | 1183744     |
| train/                  |             |
|    approx_kl            | 0.009209865 |
|    clip_fraction        | 0.076       |
|    clip_range           | 0.2         |
|    entropy_loss         | -0.659      |
|    explained_variance   | 0.912       |
|    learning_rate        | 0.0003      |
|    loss                 | 22.5        |
|    n_updates            | 5770        |
|    policy_gradient_loss | -0.0114     |
|    value_loss           | 109         |
-----------------------------------------
-----------------------------------------
| rollout/                |             |
|    ep_len_mean          | 205         |
|    ep_rew_mean          | 207         |
| time/                   |             |
|    fps                  | 1752        |
|    iterations           | 49          |
|    time_elapsed         | 57          |
|    total_timesteps      | 1185792     |
| train/                  |             |
|    approx_kl            | 0.003842178 |
|    clip_fraction        | 0.0332      |
|    clip_range           | 0.2         |
|    entropy_loss         | -0.35       |
|    explained_variance   | 0.942       |
|    learning_rate        | 0.0003      |
|    loss                 | 12.7        |
|    n_updates            | 5780        |
|    policy_gradient_loss | -0.00945    |
|    value_loss           | 52.3        |
-----------------------------------------
 100% ━━━━━━━━━━━━━━━━━━━━━━ 100,352/100,000  [ 0:00:57 < 0:00:00 , 1,810 it/s ]

  [eval @ 300,000] success=30.0% (9/30)
  [eval final] success=30.0%
[PPO-Random] 阶段 pool_100 完成，耗时 186.4s

[PPO-Random] 固定 preset 阶段: ship_pipe_100 (100×100)

============================================================
[PPO-Random] 阶段 2/3 | finetune_ship_pipe_100
  规模: 100×100 | 训练池: 1 | 留出评测: 1
  train steps: 200,000 | max_episode_steps: 450
============================================================
---------------------------------
| rollout/           |          |
|    ep_len_mean     | 203      |
|    ep_rew_mean     | 208      |
| time/              |          |
|    fps             | 1815     |
|    iterations      | 1        |
|    time_elapsed    | 1        |
|    total_timesteps | 1187840  |
---------------------------------
----------------------------------------
| rollout/                |            |
|    ep_len_mean          | 189        |
|    ep_rew_mean          | 217        |
| time/                   |            |
|    fps                  | 1732       |
|    iterations           | 2          |
|    time_elapsed         | 2          |
|    total_timesteps      | 1189888    |
| train/                  |            |
|    approx_kl            | 0.01709218 |
|    clip_fraction        | 0.0832     |
|    clip_range           | 0.2        |
|    entropy_loss         | -0.281     |
|    explained_variance   | 0.792      |
|    learning_rate        | 0.0003     |
|    loss                 | 4.17       |
|    n_updates            | 5800       |
|    policy_gradient_loss | -0.012     |
|    value_loss           | 29.2       |
----------------------------------------
-----------------------------------------
| rollout/                |             |
|    ep_len_mean          | 183         |
|    ep_rew_mean          | 219         |
| time/                   |             |
|    fps                  | 1707        |
|    iterations           | 3           |
|    time_elapsed         | 3           |
|    total_timesteps      | 1191936     |
| train/                  |             |
|    approx_kl            | 0.010777919 |
|    clip_fraction        | 0.0668      |
|    clip_range           | 0.2         |
|    entropy_loss         | -0.21       |
|    explained_variance   | 0.975       |
|    learning_rate        | 0.0003      |
|    loss                 | 2.61        |
|    n_updates            | 5810        |
|    policy_gradient_loss | -0.0104     |
|    value_loss           | 7.18        |
-----------------------------------------
-----------------------------------------
| rollout/                |             |
|    ep_len_mean          | 163         |
|    ep_rew_mean          | 233         |
| time/                   |             |
|    fps                  | 1699        |
|    iterations           | 4           |
|    time_elapsed         | 4           |
|    total_timesteps      | 1193984     |
| train/                  |             |
|    approx_kl            | 0.013971014 |
|    clip_fraction        | 0.0754      |
|    clip_range           | 0.2         |
|    entropy_loss         | -0.208      |
|    explained_variance   | 0.988       |
|    learning_rate        | 0.0003      |
|    loss                 | 0.929       |
|    n_updates            | 5820        |
|    policy_gradient_loss | -0.0105     |
|    value_loss           | 4.22        |
-----------------------------------------
-----------------------------------------
| rollout/                |             |
|    ep_len_mean          | 158         |
|    ep_rew_mean          | 235         |
| time/                   |             |
|    fps                  | 1691        |
|    iterations           | 5           |
|    time_elapsed         | 6           |
|    total_timesteps      | 1196032     |
| train/                  |             |
|    approx_kl            | 0.006171122 |
|    clip_fraction        | 0.0821      |
|    clip_range           | 0.2         |
|    entropy_loss         | -0.244      |
|    explained_variance   | 0.84        |
|    learning_rate        | 0.0003      |
|    loss                 | 31.8        |
|    n_updates            | 5830        |
|    policy_gradient_loss | -0.0123     |
|    value_loss           | 43.6        |
-----------------------------------------
----------------------------------------
| rollout/                |            |
|    ep_len_mean          | 143        |
|    ep_rew_mean          | 245        |
| time/                   |            |
|    fps                  | 1686       |
|    iterations           | 6          |
|    time_elapsed         | 7          |
|    total_timesteps      | 1198080    |
| train/                  |            |
|    approx_kl            | 0.02385866 |
|    clip_fraction        | 0.0909     |
|    clip_range           | 0.2        |
|    entropy_loss         | -0.213     |
|    explained_variance   | 0.987      |
|    learning_rate        | 0.0003     |
|    loss                 | 0.344      |
|    n_updates            | 5840       |
|    policy_gradient_loss | -0.0074    |
|    value_loss           | 2.09       |
----------------------------------------
-----------------------------------------
| rollout/                |             |
|    ep_len_mean          | 138         |
|    ep_rew_mean          | 247         |
| time/                   |             |
|    fps                  | 1681        |
|    iterations           | 7           |
|    time_elapsed         | 8           |
|    total_timesteps      | 1200128     |
| train/                  |             |
|    approx_kl            | 0.017863385 |
|    clip_fraction        | 0.103       |
|    clip_range           | 0.2         |
|    entropy_loss         | -0.213      |
|    explained_variance   | 0.995       |
|    learning_rate        | 0.0003      |
|    loss                 | 0.325       |
|    n_updates            | 5850        |
|    policy_gradient_loss | -0.00929    |
|    value_loss           | 0.997       |
-----------------------------------------
-----------------------------------------
| rollout/                |             |
|    ep_len_mean          | 135         |
|    ep_rew_mean          | 248         |
| time/                   |             |
|    fps                  | 1678        |
|    iterations           | 8           |
|    time_elapsed         | 9           |
|    total_timesteps      | 1202176     |
| train/                  |             |
|    approx_kl            | 0.022585437 |
|    clip_fraction        | 0.0939      |
|    clip_range           | 0.2         |
|    entropy_loss         | -0.197      |
|    explained_variance   | 0.997       |
|    learning_rate        | 0.0003      |
|    loss                 | 0.132       |
|    n_updates            | 5860        |
|    policy_gradient_loss | -0.011      |
|    value_loss           | 0.461       |
-----------------------------------------
-----------------------------------------
| rollout/                |             |
|    ep_len_mean          | 138         |
|    ep_rew_mean          | 248         |
| time/                   |             |
|    fps                  | 1681        |
|    iterations           | 9           |
|    time_elapsed         | 10          |
|    total_timesteps      | 1204224     |
| train/                  |             |
|    approx_kl            | 0.041139122 |
|    clip_fraction        | 0.0893      |
|    clip_range           | 0.2         |
|    entropy_loss         | -0.192      |
|    explained_variance   | 0.999       |
|    learning_rate        | 0.0003      |
|    loss                 | 0.0537      |
|    n_updates            | 5870        |
|    policy_gradient_loss | -0.012      |
|    value_loss           | 0.219       |
-----------------------------------------
------------------------------------------
| rollout/                |              |
|    ep_len_mean          | 140          |
|    ep_rew_mean          | 248          |
| time/                   |              |
|    fps                  | 1679         |
|    iterations           | 10           |
|    time_elapsed         | 12           |
|    total_timesteps      | 1206272      |
| train/                  |              |
|    approx_kl            | 0.0057075014 |
|    clip_fraction        | 0.0844       |
|    clip_range           | 0.2          |
|    entropy_loss         | -0.323       |
|    explained_variance   | 0.423        |
|    learning_rate        | 0.0003       |
|    loss                 | 54.3         |
|    n_updates            | 5880         |
|    policy_gradient_loss | -0.00982     |
|    value_loss           | 178          |
------------------------------------------
------------------------------------------
| rollout/                |              |
|    ep_len_mean          | 140          |
|    ep_rew_mean          | 248          |
| time/                   |              |
|    fps                  | 1679         |
|    iterations           | 11           |
|    time_elapsed         | 13           |
|    total_timesteps      | 1208320      |
| train/                  |              |
|    approx_kl            | 0.0035086935 |
|    clip_fraction        | 0.0386       |
|    clip_range           | 0.2          |
|    entropy_loss         | -0.262       |
|    explained_variance   | 0.627        |
|    learning_rate        | 0.0003       |
|    loss                 | 39.8         |
|    n_updates            | 5890         |
|    policy_gradient_loss | -0.0127      |
|    value_loss           | 72.1         |
------------------------------------------
------------------------------------------
| rollout/                |              |
|    ep_len_mean          | 140          |
|    ep_rew_mean          | 249          |
| time/                   |              |
|    fps                  | 1676         |
|    iterations           | 12           |
|    time_elapsed         | 14           |
|    total_timesteps      | 1210368      |
| train/                  |              |
|    approx_kl            | 0.0072683278 |
|    clip_fraction        | 0.0578       |
|    clip_range           | 0.2          |
|    entropy_loss         | -0.238       |
|    explained_variance   | 0.853        |
|    learning_rate        | 0.0003       |
|    loss                 | 8.69         |
|    n_updates            | 5900         |
|    policy_gradient_loss | -0.0134      |
|    value_loss           | 23.2         |
------------------------------------------
----------------------------------------
| rollout/                |            |
|    ep_len_mean          | 140        |
|    ep_rew_mean          | 249        |
| time/                   |            |
|    fps                  | 1675       |
|    iterations           | 13         |
|    time_elapsed         | 15         |
|    total_timesteps      | 1212416    |
| train/                  |            |
|    approx_kl            | 0.00596264 |
|    clip_fraction        | 0.0473     |
|    clip_range           | 0.2        |
|    entropy_loss         | -0.195     |
|    explained_variance   | 0.935      |
|    learning_rate        | 0.0003     |
|    loss                 | 3.31       |
|    n_updates            | 5910       |
|    policy_gradient_loss | -0.00777   |
|    value_loss           | 10.6       |
----------------------------------------
----------------------------------------
| rollout/                |            |
|    ep_len_mean          | 139        |
|    ep_rew_mean          | 249        |
| time/                   |            |
|    fps                  | 1674       |
|    iterations           | 14         |
|    time_elapsed         | 17         |
|    total_timesteps      | 1214464    |
| train/                  |            |
|    approx_kl            | 0.03179843 |
|    clip_fraction        | 0.0814     |
|    clip_range           | 0.2        |
|    entropy_loss         | -0.198     |
|    explained_variance   | 0.988      |
|    learning_rate        | 0.0003     |
|    loss                 | 0.226      |
|    n_updates            | 5920       |
|    policy_gradient_loss | -0.0096    |
|    value_loss           | 1.02       |
----------------------------------------
----------------------------------------
| rollout/                |            |
|    ep_len_mean          | 137        |
|    ep_rew_mean          | 249        |
| time/                   |            |
|    fps                  | 1673       |
|    iterations           | 15         |
|    time_elapsed         | 18         |
|    total_timesteps      | 1216512    |
| train/                  |            |
|    approx_kl            | 0.01607315 |
|    clip_fraction        | 0.0967     |
|    clip_range           | 0.2        |
|    entropy_loss         | -0.263     |
|    explained_variance   | 0.995      |
|    learning_rate        | 0.0003     |
|    loss                 | 0.1        |
|    n_updates            | 5930       |
|    policy_gradient_loss | -0.0136    |
|    value_loss           | 0.596      |
----------------------------------------
-----------------------------------------
| rollout/                |             |
|    ep_len_mean          | 132         |
|    ep_rew_mean          | 249         |
| time/                   |             |
|    fps                  | 1674        |
|    iterations           | 16          |
|    time_elapsed         | 19          |
|    total_timesteps      | 1218560     |
| train/                  |             |
|    approx_kl            | 0.014542763 |
|    clip_fraction        | 0.0914      |
|    clip_range           | 0.2         |
|    entropy_loss         | -0.278      |
|    explained_variance   | 0.996       |
|    learning_rate        | 0.0003      |
|    loss                 | 0.118       |
|    n_updates            | 5940        |
|    policy_gradient_loss | -0.00808    |
|    value_loss           | 0.619       |
-----------------------------------------
----------------------------------------
| rollout/                |            |
|    ep_len_mean          | 130        |
|    ep_rew_mean          | 249        |
| time/                   |            |
|    fps                  | 1674       |
|    iterations           | 17         |
|    time_elapsed         | 20         |
|    total_timesteps      | 1220608    |
| train/                  |            |
|    approx_kl            | 0.01035287 |
|    clip_fraction        | 0.0617     |
|    clip_range           | 0.2        |
|    entropy_loss         | -0.276     |
|    explained_variance   | 0.997      |
|    learning_rate        | 0.0003     |
|    loss                 | 0.169      |
|    n_updates            | 5950       |
|    policy_gradient_loss | -0.0126    |
|    value_loss           | 0.604      |
----------------------------------------
-----------------------------------------
| rollout/                |             |
|    ep_len_mean          | 129         |
|    ep_rew_mean          | 249         |
| time/                   |             |
|    fps                  | 1673        |
|    iterations           | 18          |
|    time_elapsed         | 22          |
|    total_timesteps      | 1222656     |
| train/                  |             |
|    approx_kl            | 0.011242723 |
|    clip_fraction        | 0.0767      |
|    clip_range           | 0.2         |
|    entropy_loss         | -0.264      |
|    explained_variance   | 0.998       |
|    learning_rate        | 0.0003      |
|    loss                 | 0.174       |
|    n_updates            | 5960        |
|    policy_gradient_loss | -0.0131     |
|    value_loss           | 0.51        |
-----------------------------------------
-----------------------------------------
| rollout/                |             |
|    ep_len_mean          | 128         |
|    ep_rew_mean          | 249         |
| time/                   |             |
|    fps                  | 1672        |
|    iterations           | 19          |
|    time_elapsed         | 23          |
|    total_timesteps      | 1224704     |
| train/                  |             |
|    approx_kl            | 0.015679264 |
|    clip_fraction        | 0.0929      |
|    clip_range           | 0.2         |
|    entropy_loss         | -0.24       |
|    explained_variance   | 0.998       |
|    learning_rate        | 0.0003      |
|    loss                 | 0.15        |
|    n_updates            | 5970        |
|    policy_gradient_loss | -0.0124     |
|    value_loss           | 0.337       |
-----------------------------------------
-----------------------------------------
| rollout/                |             |
|    ep_len_mean          | 128         |
|    ep_rew_mean          | 249         |
| time/                   |             |
|    fps                  | 1672        |
|    iterations           | 20          |
|    time_elapsed         | 24          |
|    total_timesteps      | 1226752     |
| train/                  |             |
|    approx_kl            | 0.009669395 |
|    clip_fraction        | 0.0704      |
|    clip_range           | 0.2         |
|    entropy_loss         | -0.224      |
|    explained_variance   | 0.999       |
|    learning_rate        | 0.0003      |
|    loss                 | 0.0589      |
|    n_updates            | 5980        |
|    policy_gradient_loss | -0.00899    |
|    value_loss           | 0.196       |
-----------------------------------------
------------------------------------------
| rollout/                |              |
|    ep_len_mean          | 128          |
|    ep_rew_mean          | 249          |
| time/                   |              |
|    fps                  | 1672         |
|    iterations           | 21           |
|    time_elapsed         | 25           |
|    total_timesteps      | 1228800      |
| train/                  |              |
|    approx_kl            | 0.0038837865 |
|    clip_fraction        | 0.0358       |
|    clip_range           | 0.2          |
|    entropy_loss         | -0.22        |
|    explained_variance   | 0.998        |
|    learning_rate        | 0.0003       |
|    loss                 | 0.104        |
|    n_updates            | 5990         |
|    policy_gradient_loss | -0.00652     |
|    value_loss           | 0.289        |
------------------------------------------
-----------------------------------------
| rollout/                |             |
|    ep_len_mean          | 127         |
|    ep_rew_mean          | 249         |
| time/                   |             |
|    fps                  | 1672        |
|    iterations           | 22          |
|    time_elapsed         | 26          |
|    total_timesteps      | 1230848     |
| train/                  |             |
|    approx_kl            | 0.014534018 |
|    clip_fraction        | 0.0514      |
|    clip_range           | 0.2         |
|    entropy_loss         | -0.213      |
|    explained_variance   | 0.999       |
|    learning_rate        | 0.0003      |
|    loss                 | 0.062       |
|    n_updates            | 6000        |
|    policy_gradient_loss | -0.00828    |
|    value_loss           | 0.17        |
-----------------------------------------
-----------------------------------------
| rollout/                |             |
|    ep_len_mean          | 128         |
|    ep_rew_mean          | 249         |
| time/                   |             |
|    fps                  | 1672        |
|    iterations           | 23          |
|    time_elapsed         | 28          |
|    total_timesteps      | 1232896     |
| train/                  |             |
|    approx_kl            | 0.008195981 |
|    clip_fraction        | 0.0825      |
|    clip_range           | 0.2         |
|    entropy_loss         | -0.209      |
|    explained_variance   | 1           |
|    learning_rate        | 0.0003      |
|    loss                 | 0.0197      |
|    n_updates            | 6010        |
|    policy_gradient_loss | -0.00882    |
|    value_loss           | 0.0963      |
-----------------------------------------
------------------------------------------
| rollout/                |              |
|    ep_len_mean          | 128          |
|    ep_rew_mean          | 249          |
| time/                   |              |
|    fps                  | 1670         |
|    iterations           | 24           |
|    time_elapsed         | 29           |
|    total_timesteps      | 1234944      |
| train/                  |              |
|    approx_kl            | 0.0041320613 |
|    clip_fraction        | 0.0312       |
|    clip_range           | 0.2          |
|    entropy_loss         | -0.226       |
|    explained_variance   | 0.912        |
|    learning_rate        | 0.0003       |
|    loss                 | 9.38         |
|    n_updates            | 6020         |
|    policy_gradient_loss | -0.00912     |
|    value_loss           | 18.3         |
------------------------------------------
------------------------------------------
| rollout/                |              |
|    ep_len_mean          | 128          |
|    ep_rew_mean          | 249          |
| time/                   |              |
|    fps                  | 1670         |
|    iterations           | 25           |
|    time_elapsed         | 30           |
|    total_timesteps      | 1236992      |
| train/                  |              |
|    approx_kl            | 0.0058072037 |
|    clip_fraction        | 0.0504       |
|    clip_range           | 0.2          |
|    entropy_loss         | -0.204       |
|    explained_variance   | 0.995        |
|    learning_rate        | 0.0003       |
|    loss                 | 0.0467       |
|    n_updates            | 6030         |
|    policy_gradient_loss | -0.00704     |
|    value_loss           | 0.289        |
------------------------------------------
-----------------------------------------
| rollout/                |             |
|    ep_len_mean          | 127         |
|    ep_rew_mean          | 249         |
| time/                   |             |
|    fps                  | 1670        |
|    iterations           | 26          |
|    time_elapsed         | 31          |
|    total_timesteps      | 1239040     |
| train/                  |             |
|    approx_kl            | 0.036699384 |
|    clip_fraction        | 0.0703      |
|    clip_range           | 0.2         |
|    entropy_loss         | -0.225      |
|    explained_variance   | 0.999       |
|    learning_rate        | 0.0003      |
|    loss                 | 0.031       |
|    n_updates            | 6040        |
|    policy_gradient_loss | -0.0079     |
|    value_loss           | 0.161       |
-----------------------------------------
-----------------------------------------
| rollout/                |             |
|    ep_len_mean          | 127         |
|    ep_rew_mean          | 249         |
| time/                   |             |
|    fps                  | 1669        |
|    iterations           | 27          |
|    time_elapsed         | 33          |
|    total_timesteps      | 1241088     |
| train/                  |             |
|    approx_kl            | 0.008449369 |
|    clip_fraction        | 0.0796      |
|    clip_range           | 0.2         |
|    entropy_loss         | -0.239      |
|    explained_variance   | 1           |
|    learning_rate        | 0.0003      |
|    loss                 | 0.0275      |
|    n_updates            | 6050        |
|    policy_gradient_loss | -0.00647    |
|    value_loss           | 0.0553      |
-----------------------------------------
-----------------------------------------
| rollout/                |             |
|    ep_len_mean          | 127         |
|    ep_rew_mean          | 249         |
| time/                   |             |
|    fps                  | 1668        |
|    iterations           | 28          |
|    time_elapsed         | 34          |
|    total_timesteps      | 1243136     |
| train/                  |             |
|    approx_kl            | 0.010569766 |
|    clip_fraction        | 0.0753      |
|    clip_range           | 0.2         |
|    entropy_loss         | -0.249      |
|    explained_variance   | 1           |
|    learning_rate        | 0.0003      |
|    loss                 | 0.0303      |
|    n_updates            | 6060        |
|    policy_gradient_loss | -0.0059     |
|    value_loss           | 0.0783      |
-----------------------------------------
------------------------------------------
| rollout/                |              |
|    ep_len_mean          | 126          |
|    ep_rew_mean          | 249          |
| time/                   |              |
|    fps                  | 1668         |
|    iterations           | 29           |
|    time_elapsed         | 35           |
|    total_timesteps      | 1245184      |
| train/                  |              |
|    approx_kl            | 0.0078017493 |
|    clip_fraction        | 0.0778       |
|    clip_range           | 0.2          |
|    entropy_loss         | -0.251       |
|    explained_variance   | 0.999        |
|    learning_rate        | 0.0003       |
|    loss                 | 0.0183       |
|    n_updates            | 6070         |
|    policy_gradient_loss | -0.00778     |
|    value_loss           | 0.203        |
------------------------------------------
-----------------------------------------
| rollout/                |             |
|    ep_len_mean          | 126         |
|    ep_rew_mean          | 249         |
| time/                   |             |
|    fps                  | 1668        |
|    iterations           | 30          |
|    time_elapsed         | 36          |
|    total_timesteps      | 1247232     |
| train/                  |             |
|    approx_kl            | 0.010947203 |
|    clip_fraction        | 0.0795      |
|    clip_range           | 0.2         |
|    entropy_loss         | -0.247      |
|    explained_variance   | 1           |
|    learning_rate        | 0.0003      |
|    loss                 | 0.0249      |
|    n_updates            | 6080        |
|    policy_gradient_loss | -0.0099     |
|    value_loss           | 0.0698      |
-----------------------------------------
-----------------------------------------
| rollout/                |             |
|    ep_len_mean          | 126         |
|    ep_rew_mean          | 249         |
| time/                   |             |
|    fps                  | 1656        |
|    iterations           | 31          |
|    time_elapsed         | 38          |
|    total_timesteps      | 1249280     |
| train/                  |             |
|    approx_kl            | 0.004956808 |
|    clip_fraction        | 0.0466      |
|    clip_range           | 0.2         |
|    entropy_loss         | -0.246      |
|    explained_variance   | 1           |
|    learning_rate        | 0.0003      |
|    loss                 | 0.0249      |
|    n_updates            | 6090        |
|    policy_gradient_loss | -0.0079     |
|    value_loss           | 0.079       |
-----------------------------------------
----------------------------------------
| rollout/                |            |
|    ep_len_mean          | 127        |
|    ep_rew_mean          | 249        |
| time/                   |            |
|    fps                  | 1652       |
|    iterations           | 32         |
|    time_elapsed         | 39         |
|    total_timesteps      | 1251328    |
| train/                  |            |
|    approx_kl            | 0.01546512 |
|    clip_fraction        | 0.0813     |
|    clip_range           | 0.2        |
|    entropy_loss         | -0.228     |
|    explained_variance   | 1          |
|    learning_rate        | 0.0003     |
|    loss                 | 0.0103     |
|    n_updates            | 6100       |
|    policy_gradient_loss | -0.00601   |
|    value_loss           | 0.0548     |
----------------------------------------
------------------------------------------
| rollout/                |              |
|    ep_len_mean          | 127          |
|    ep_rew_mean          | 249          |
| time/                   |              |
|    fps                  | 1629         |
|    iterations           | 33           |
|    time_elapsed         | 41           |
|    total_timesteps      | 1253376      |
| train/                  |              |
|    approx_kl            | 0.0056750104 |
|    clip_fraction        | 0.0408       |
|    clip_range           | 0.2          |
|    entropy_loss         | -0.244       |
|    explained_variance   | 0.958        |
|    learning_rate        | 0.0003       |
|    loss                 | 4.05         |
|    n_updates            | 6110         |
|    policy_gradient_loss | -0.00969     |
|    value_loss           | 8.94         |
------------------------------------------
-----------------------------------------
| rollout/                |             |
|    ep_len_mean          | 127         |
|    ep_rew_mean          | 249         |
| time/                   |             |
|    fps                  | 1625        |
|    iterations           | 34          |
|    time_elapsed         | 42          |
|    total_timesteps      | 1255424     |
| train/                  |             |
|    approx_kl            | 0.012166474 |
|    clip_fraction        | 0.084       |
|    clip_range           | 0.2         |
|    entropy_loss         | -0.243      |
|    explained_variance   | 0.998       |
|    learning_rate        | 0.0003      |
|    loss                 | 0.0351      |
|    n_updates            | 6120        |
|    policy_gradient_loss | -0.00927    |
|    value_loss           | 0.19        |
-----------------------------------------
-----------------------------------------
| rollout/                |             |
|    ep_len_mean          | 127         |
|    ep_rew_mean          | 249         |
| time/                   |             |
|    fps                  | 1621        |
|    iterations           | 35          |
|    time_elapsed         | 44          |
|    total_timesteps      | 1257472     |
| train/                  |             |
|    approx_kl            | 0.014349807 |
|    clip_fraction        | 0.0983      |
|    clip_range           | 0.2         |
|    entropy_loss         | -0.272      |
|    explained_variance   | 0.999       |
|    learning_rate        | 0.0003      |
|    loss                 | 0.0255      |
|    n_updates            | 6130        |
|    policy_gradient_loss | -0.0143     |
|    value_loss           | 0.0995      |
-----------------------------------------
-----------------------------------------
| rollout/                |             |
|    ep_len_mean          | 130         |
|    ep_rew_mean          | 246         |
| time/                   |             |
|    fps                  | 1616        |
|    iterations           | 36          |
|    time_elapsed         | 45          |
|    total_timesteps      | 1259520     |
| train/                  |             |
|    approx_kl            | 0.009197586 |
|    clip_fraction        | 0.0689      |
|    clip_range           | 0.2         |
|    entropy_loss         | -0.275      |
|    explained_variance   | 1           |
|    learning_rate        | 0.0003      |
|    loss                 | -0.00452    |
|    n_updates            | 6140        |
|    policy_gradient_loss | -0.00766    |
|    value_loss           | 0.0335      |
-----------------------------------------
---------------------------------------
| rollout/                |           |
|    ep_len_mean          | 130       |
|    ep_rew_mean          | 246       |
| time/                   |           |
|    fps                  | 1613      |
|    iterations           | 37        |
|    time_elapsed         | 46        |
|    total_timesteps      | 1261568   |
| train/                  |           |
|    approx_kl            | 0.1288546 |
|    clip_fraction        | 0.125     |
|    clip_range           | 0.2       |
|    entropy_loss         | -0.346    |
|    explained_variance   | 0.828     |
|    learning_rate        | 0.0003    |
|    loss                 | 1.88      |
|    n_updates            | 6150      |
|    policy_gradient_loss | -0.0346   |
|    value_loss           | 18.4      |
---------------------------------------
------------------------------------------
| rollout/                |              |
|    ep_len_mean          | 130          |
|    ep_rew_mean          | 246          |
| time/                   |              |
|    fps                  | 1615         |
|    iterations           | 38           |
|    time_elapsed         | 48           |
|    total_timesteps      | 1263616      |
| train/                  |              |
|    approx_kl            | 0.0067681633 |
|    clip_fraction        | 0.0397       |
|    clip_range           | 0.2          |
|    entropy_loss         | -0.274       |
|    explained_variance   | 0.997        |
|    learning_rate        | 0.0003       |
|    loss                 | 0.0508       |
|    n_updates            | 6160         |
|    policy_gradient_loss | -0.00441     |
|    value_loss           | 0.279        |
------------------------------------------
-----------------------------------------
| rollout/                |             |
|    ep_len_mean          | 130         |
|    ep_rew_mean          | 246         |
| time/                   |             |
|    fps                  | 1615        |
|    iterations           | 39          |
|    time_elapsed         | 49          |
|    total_timesteps      | 1265664     |
| train/                  |             |
|    approx_kl            | 0.009248316 |
|    clip_fraction        | 0.0679      |
|    clip_range           | 0.2         |
|    entropy_loss         | -0.26       |
|    explained_variance   | 1           |
|    learning_rate        | 0.0003      |
|    loss                 | 0.0109      |
|    n_updates            | 6170        |
|    policy_gradient_loss | -0.00645    |
|    value_loss           | 0.0427      |
-----------------------------------------
-----------------------------------------
| rollout/                |             |
|    ep_len_mean          | 130         |
|    ep_rew_mean          | 246         |
| time/                   |             |
|    fps                  | 1612        |
|    iterations           | 40          |
|    time_elapsed         | 50          |
|    total_timesteps      | 1267712     |
| train/                  |             |
|    approx_kl            | 0.011025373 |
|    clip_fraction        | 0.0754      |
|    clip_range           | 0.2         |
|    entropy_loss         | -0.259      |
|    explained_variance   | 1           |
|    learning_rate        | 0.0003      |
|    loss                 | 0.0226      |
|    n_updates            | 6180        |
|    policy_gradient_loss | -0.00844    |
|    value_loss           | 0.066       |
-----------------------------------------
-----------------------------------------
| rollout/                |             |
|    ep_len_mean          | 130         |
|    ep_rew_mean          | 246         |
| time/                   |             |
|    fps                  | 1609        |
|    iterations           | 41          |
|    time_elapsed         | 52          |
|    total_timesteps      | 1269760     |
| train/                  |             |
|    approx_kl            | 0.012560071 |
|    clip_fraction        | 0.0607      |
|    clip_range           | 0.2         |
|    entropy_loss         | -0.26       |
|    explained_variance   | 0.999       |
|    learning_rate        | 0.0003      |
|    loss                 | 0.0416      |
|    n_updates            | 6190        |
|    policy_gradient_loss | -0.00923    |
|    value_loss           | 0.126       |
-----------------------------------------
-----------------------------------------
| rollout/                |             |
|    ep_len_mean          | 126         |
|    ep_rew_mean          | 249         |
| time/                   |             |
|    fps                  | 1607        |
|    iterations           | 42          |
|    time_elapsed         | 53          |
|    total_timesteps      | 1271808     |
| train/                  |             |
|    approx_kl            | 0.012475658 |
|    clip_fraction        | 0.0765      |
|    clip_range           | 0.2         |
|    entropy_loss         | -0.265      |
|    explained_variance   | 0.999       |
|    learning_rate        | 0.0003      |
|    loss                 | 0.071       |
|    n_updates            | 6200        |
|    policy_gradient_loss | -0.00678    |
|    value_loss           | 0.281       |
-----------------------------------------
-----------------------------------------
| rollout/                |             |
|    ep_len_mean          | 126         |
|    ep_rew_mean          | 249         |
| time/                   |             |
|    fps                  | 1604        |
|    iterations           | 43          |
|    time_elapsed         | 54          |
|    total_timesteps      | 1273856     |
| train/                  |             |
|    approx_kl            | 0.010419715 |
|    clip_fraction        | 0.0803      |
|    clip_range           | 0.2         |
|    entropy_loss         | -0.252      |
|    explained_variance   | 1           |
|    learning_rate        | 0.0003      |
|    loss                 | 0.00959     |
|    n_updates            | 6210        |
|    policy_gradient_loss | -0.00843    |
|    value_loss           | 0.0496      |
-----------------------------------------
-----------------------------------------
| rollout/                |             |
|    ep_len_mean          | 126         |
|    ep_rew_mean          | 249         |
| time/                   |             |
|    fps                  | 1599        |
|    iterations           | 44          |
|    time_elapsed         | 56          |
|    total_timesteps      | 1275904     |
| train/                  |             |
|    approx_kl            | 0.010225633 |
|    clip_fraction        | 0.0809      |
|    clip_range           | 0.2         |
|    entropy_loss         | -0.251      |
|    explained_variance   | 1           |
|    learning_rate        | 0.0003      |
|    loss                 | 0.0101      |
|    n_updates            | 6220        |
|    policy_gradient_loss | -0.00916    |
|    value_loss           | 0.072       |
-----------------------------------------
------------------------------------------
| rollout/                |              |
|    ep_len_mean          | 126          |
|    ep_rew_mean          | 249          |
| time/                   |              |
|    fps                  | 1596         |
|    iterations           | 45           |
|    time_elapsed         | 57           |
|    total_timesteps      | 1277952      |
| train/                  |              |
|    approx_kl            | 0.0061162496 |
|    clip_fraction        | 0.0518       |
|    clip_range           | 0.2          |
|    entropy_loss         | -0.257       |
|    explained_variance   | 1            |
|    learning_rate        | 0.0003       |
|    loss                 | -0.00537     |
|    n_updates            | 6230         |
|    policy_gradient_loss | -0.00608     |
|    value_loss           | 0.0188       |
------------------------------------------
-----------------------------------------
| rollout/                |             |
|    ep_len_mean          | 126         |
|    ep_rew_mean          | 249         |
| time/                   |             |
|    fps                  | 1588        |
|    iterations           | 46          |
|    time_elapsed         | 59          |
|    total_timesteps      | 1280000     |
| train/                  |             |
|    approx_kl            | 0.018766835 |
|    clip_fraction        | 0.0812      |
|    clip_range           | 0.2         |
|    entropy_loss         | -0.251      |
|    explained_variance   | 1           |
|    learning_rate        | 0.0003      |
|    loss                 | 0.00344     |
|    n_updates            | 6240        |
|    policy_gradient_loss | -0.0067     |
|    value_loss           | 0.0212      |
-----------------------------------------
-----------------------------------------
| rollout/                |             |
|    ep_len_mean          | 126         |
|    ep_rew_mean          | 249         |
| time/                   |             |
|    fps                  | 1587        |
|    iterations           | 47          |
|    time_elapsed         | 60          |
|    total_timesteps      | 1282048     |
| train/                  |             |
|    approx_kl            | 0.009378503 |
|    clip_fraction        | 0.0778      |
|    clip_range           | 0.2         |
|    entropy_loss         | -0.269      |
|    explained_variance   | 1           |
|    learning_rate        | 0.0003      |
|    loss                 | -0.00442    |
|    n_updates            | 6250        |
|    policy_gradient_loss | -0.0103     |
|    value_loss           | 0.0371      |
-----------------------------------------
-----------------------------------------
| rollout/                |             |
|    ep_len_mean          | 126         |
|    ep_rew_mean          | 249         |
| time/                   |             |
|    fps                  | 1586        |
|    iterations           | 48          |
|    time_elapsed         | 61          |
|    total_timesteps      | 1284096     |
| train/                  |             |
|    approx_kl            | 0.011142869 |
|    clip_fraction        | 0.107       |
|    clip_range           | 0.2         |
|    entropy_loss         | -0.273      |
|    explained_variance   | 1           |
|    learning_rate        | 0.0003      |
|    loss                 | 0.00775     |
|    n_updates            | 6260        |
|    policy_gradient_loss | -0.00512    |
|    value_loss           | 0.029       |
-----------------------------------------
-----------------------------------------
| rollout/                |             |
|    ep_len_mean          | 127         |
|    ep_rew_mean          | 249         |
| time/                   |             |
|    fps                  | 1584        |
|    iterations           | 49          |
|    time_elapsed         | 63          |
|    total_timesteps      | 1286144     |
| train/                  |             |
|    approx_kl            | 0.004736646 |
|    clip_fraction        | 0.04        |
|    clip_range           | 0.2         |
|    entropy_loss         | -0.278      |
|    explained_variance   | 1           |
|    learning_rate        | 0.0003      |
|    loss                 | 0.0159      |
|    n_updates            | 6270        |
|    policy_gradient_loss | -0.0062     |
|    value_loss           | 0.0353      |
-----------------------------------------
-----------------------------------------
| rollout/                |             |
|    ep_len_mean          | 127         |
|    ep_rew_mean          | 249         |
| time/                   |             |
|    fps                  | 1583        |
|    iterations           | 50          |
|    time_elapsed         | 64          |
|    total_timesteps      | 1288192     |
| train/                  |             |
|    approx_kl            | 0.006462801 |
|    clip_fraction        | 0.0362      |
|    clip_range           | 0.2         |
|    entropy_loss         | -0.289      |
|    explained_variance   | 0.98        |
|    learning_rate        | 0.0003      |
|    loss                 | 0.765       |
|    n_updates            | 6280        |
|    policy_gradient_loss | -0.0148     |
|    value_loss           | 3.82        |
-----------------------------------------
------------------------------------------
| rollout/                |              |
|    ep_len_mean          | 127          |
|    ep_rew_mean          | 249          |
| time/                   |              |
|    fps                  | 1584         |
|    iterations           | 51           |
|    time_elapsed         | 65           |
|    total_timesteps      | 1290240      |
| train/                  |              |
|    approx_kl            | 0.0076039527 |
|    clip_fraction        | 0.0713       |
|    clip_range           | 0.2          |
|    entropy_loss         | -0.273       |
|    explained_variance   | 0.999        |
|    learning_rate        | 0.0003       |
|    loss                 | 0.0629       |
|    n_updates            | 6290         |
|    policy_gradient_loss | -0.0057      |
|    value_loss           | 0.161        |
------------------------------------------
-----------------------------------------
| rollout/                |             |
|    ep_len_mean          | 127         |
|    ep_rew_mean          | 249         |
| time/                   |             |
|    fps                  | 1583        |
|    iterations           | 52          |
|    time_elapsed         | 67          |
|    total_timesteps      | 1292288     |
| train/                  |             |
|    approx_kl            | 0.009465348 |
|    clip_fraction        | 0.07        |
|    clip_range           | 0.2         |
|    entropy_loss         | -0.275      |
|    explained_variance   | 0.999       |
|    learning_rate        | 0.0003      |
|    loss                 | 0.0447      |
|    n_updates            | 6300        |
|    policy_gradient_loss | -0.00699    |
|    value_loss           | 0.11        |
-----------------------------------------
-----------------------------------------
| rollout/                |             |
|    ep_len_mean          | 127         |
|    ep_rew_mean          | 249         |
| time/                   |             |
|    fps                  | 1581        |
|    iterations           | 53          |
|    time_elapsed         | 68          |
|    total_timesteps      | 1294336     |
| train/                  |             |
|    approx_kl            | 0.008135327 |
|    clip_fraction        | 0.0787      |
|    clip_range           | 0.2         |
|    entropy_loss         | -0.288      |
|    explained_variance   | 1           |
|    learning_rate        | 0.0003      |
|    loss                 | -0.0176     |
|    n_updates            | 6310        |
|    policy_gradient_loss | -0.00909    |
|    value_loss           | 0.0368      |
-----------------------------------------
------------------------------------------
| rollout/                |              |
|    ep_len_mean          | 127          |
|    ep_rew_mean          | 249          |
| time/                   |              |
|    fps                  | 1582         |
|    iterations           | 54           |
|    time_elapsed         | 69           |
|    total_timesteps      | 1296384      |
| train/                  |              |
|    approx_kl            | 0.0053507145 |
|    clip_fraction        | 0.0626       |
|    clip_range           | 0.2          |
|    entropy_loss         | -0.284       |
|    explained_variance   | 0.999        |
|    learning_rate        | 0.0003       |
|    loss                 | 0.172        |
|    n_updates            | 6320         |
|    policy_gradient_loss | -0.00353     |
|    value_loss           | 0.334        |
------------------------------------------
--------------------------------------
| rollout/                |          |
|    ep_len_mean          | 126      |
|    ep_rew_mean          | 249      |
| time/                   |          |
|    fps                  | 1580     |
|    iterations           | 55       |
|    time_elapsed         | 71       |
|    total_timesteps      | 1298432  |
| train/                  |          |
|    approx_kl            | 0.012165 |
|    clip_fraction        | 0.0931   |
|    clip_range           | 0.2      |
|    entropy_loss         | -0.283   |
|    explained_variance   | 1        |
|    learning_rate        | 0.0003   |
|    loss                 | 0.0213   |
|    n_updates            | 6330     |
|    policy_gradient_loss | -0.0119  |
|    value_loss           | 0.0642   |
--------------------------------------
------------------------------------------
| rollout/                |              |
|    ep_len_mean          | 126          |
|    ep_rew_mean          | 249          |
| time/                   |              |
|    fps                  | 1578         |
|    iterations           | 56           |
|    time_elapsed         | 72           |
|    total_timesteps      | 1300480      |
| train/                  |              |
|    approx_kl            | 0.0063398145 |
|    clip_fraction        | 0.0874       |
|    clip_range           | 0.2          |
|    entropy_loss         | -0.268       |
|    explained_variance   | 1            |
|    learning_rate        | 0.0003       |
|    loss                 | -0.0182      |
|    n_updates            | 6340         |
|    policy_gradient_loss | -0.0127      |
|    value_loss           | 0.0132       |
------------------------------------------
-----------------------------------------
| rollout/                |             |
|    ep_len_mean          | 126         |
|    ep_rew_mean          | 249         |
| time/                   |             |
|    fps                  | 1576        |
|    iterations           | 57          |
|    time_elapsed         | 74          |
|    total_timesteps      | 1302528     |
| train/                  |             |
|    approx_kl            | 0.009760544 |
|    clip_fraction        | 0.0903      |
|    clip_range           | 0.2         |
|    entropy_loss         | -0.263      |
|    explained_variance   | 1           |
|    learning_rate        | 0.0003      |
|    loss                 | 0.00618     |
|    n_updates            | 6350        |
|    policy_gradient_loss | -0.00903    |
|    value_loss           | 0.0278      |
-----------------------------------------
-----------------------------------------
| rollout/                |             |
|    ep_len_mean          | 126         |
|    ep_rew_mean          | 249         |
| time/                   |             |
|    fps                  | 1576        |
|    iterations           | 58          |
|    time_elapsed         | 75          |
|    total_timesteps      | 1304576     |
| train/                  |             |
|    approx_kl            | 0.012182119 |
|    clip_fraction        | 0.0998      |
|    clip_range           | 0.2         |
|    entropy_loss         | -0.257      |
|    explained_variance   | 0.999       |
|    learning_rate        | 0.0003      |
|    loss                 | 0.0655      |
|    n_updates            | 6360        |
|    policy_gradient_loss | -0.00533    |
|    value_loss           | 0.165       |
-----------------------------------------
-----------------------------------------
| rollout/                |             |
|    ep_len_mean          | 126         |
|    ep_rew_mean          | 249         |
| time/                   |             |
|    fps                  | 1577        |
|    iterations           | 59          |
|    time_elapsed         | 76          |
|    total_timesteps      | 1306624     |
| train/                  |             |
|    approx_kl            | 0.008290353 |
|    clip_fraction        | 0.053       |
|    clip_range           | 0.2         |
|    entropy_loss         | -0.259      |
|    explained_variance   | 1           |
|    learning_rate        | 0.0003      |
|    loss                 | 0.0512      |
|    n_updates            | 6370        |
|    policy_gradient_loss | -0.0104     |
|    value_loss           | 0.0919      |
-----------------------------------------
-----------------------------------------
| rollout/                |             |
|    ep_len_mean          | 126         |
|    ep_rew_mean          | 249         |
| time/                   |             |
|    fps                  | 1579        |
|    iterations           | 60          |
|    time_elapsed         | 77          |
|    total_timesteps      | 1308672     |
| train/                  |             |
|    approx_kl            | 0.010613732 |
|    clip_fraction        | 0.0871      |
|    clip_range           | 0.2         |
|    entropy_loss         | -0.252      |
|    explained_variance   | 1           |
|    learning_rate        | 0.0003      |
|    loss                 | 0.00566     |
|    n_updates            | 6380        |
|    policy_gradient_loss | -0.0109     |
|    value_loss           | 0.0337      |
-----------------------------------------
-----------------------------------------
| rollout/                |             |
|    ep_len_mean          | 126         |
|    ep_rew_mean          | 249         |
| time/                   |             |
|    fps                  | 1580        |
|    iterations           | 61          |
|    time_elapsed         | 79          |
|    total_timesteps      | 1310720     |
| train/                  |             |
|    approx_kl            | 0.004968722 |
|    clip_fraction        | 0.0557      |
|    clip_range           | 0.2         |
|    entropy_loss         | -0.25       |
|    explained_variance   | 1           |
|    learning_rate        | 0.0003      |
|    loss                 | -0.0224     |
|    n_updates            | 6390        |
|    policy_gradient_loss | -0.0064     |
|    value_loss           | 0.00589     |
-----------------------------------------
-----------------------------------------
| rollout/                |             |
|    ep_len_mean          | 126         |
|    ep_rew_mean          | 249         |
| time/                   |             |
|    fps                  | 1582        |
|    iterations           | 62          |
|    time_elapsed         | 80          |
|    total_timesteps      | 1312768     |
| train/                  |             |
|    approx_kl            | 0.010201024 |
|    clip_fraction        | 0.0799      |
|    clip_range           | 0.2         |
|    entropy_loss         | -0.248      |
|    explained_variance   | 1           |
|    learning_rate        | 0.0003      |
|    loss                 | 0.0389      |
|    n_updates            | 6400        |
|    policy_gradient_loss | -0.00721    |
|    value_loss           | 0.0472      |
-----------------------------------------
------------------------------------------
| rollout/                |              |
|    ep_len_mean          | 126          |
|    ep_rew_mean          | 249          |
| time/                   |              |
|    fps                  | 1583         |
|    iterations           | 63           |
|    time_elapsed         | 81           |
|    total_timesteps      | 1314816      |
| train/                  |              |
|    approx_kl            | 0.0047947937 |
|    clip_fraction        | 0.053        |
|    clip_range           | 0.2          |
|    entropy_loss         | -0.252       |
|    explained_variance   | 1            |
|    learning_rate        | 0.0003       |
|    loss                 | 0.00273      |
|    n_updates            | 6410         |
|    policy_gradient_loss | -0.00363     |
|    value_loss           | 0.0244       |
------------------------------------------
-----------------------------------------
| rollout/                |             |
|    ep_len_mean          | 126         |
|    ep_rew_mean          | 249         |
| time/                   |             |
|    fps                  | 1582        |
|    iterations           | 64          |
|    time_elapsed         | 82          |
|    total_timesteps      | 1316864     |
| train/                  |             |
|    approx_kl            | 0.009133412 |
|    clip_fraction        | 0.0667      |
|    clip_range           | 0.2         |
|    entropy_loss         | -0.261      |
|    explained_variance   | 1           |
|    learning_rate        | 0.0003      |
|    loss                 | -0.0011     |
|    n_updates            | 6420        |
|    policy_gradient_loss | -0.00538    |
|    value_loss           | 0.0128      |
-----------------------------------------
-----------------------------------------
| rollout/                |             |
|    ep_len_mean          | 126         |
|    ep_rew_mean          | 249         |
| time/                   |             |
|    fps                  | 1582        |
|    iterations           | 65          |
|    time_elapsed         | 84          |
|    total_timesteps      | 1318912     |
| train/                  |             |
|    approx_kl            | 0.009063551 |
|    clip_fraction        | 0.0705      |
|    clip_range           | 0.2         |
|    entropy_loss         | -0.244      |
|    explained_variance   | 1           |
|    learning_rate        | 0.0003      |
|    loss                 | 0.00167     |
|    n_updates            | 6430        |
|    policy_gradient_loss | -0.00813    |
|    value_loss           | 0.0258      |
-----------------------------------------
----------------------------------------
| rollout/                |            |
|    ep_len_mean          | 126        |
|    ep_rew_mean          | 249        |
| time/                   |            |
|    fps                  | 1583       |
|    iterations           | 66         |
|    time_elapsed         | 85         |
|    total_timesteps      | 1320960    |
| train/                  |            |
|    approx_kl            | 0.00900697 |
|    clip_fraction        | 0.062      |
|    clip_range           | 0.2        |
|    entropy_loss         | -0.256     |
|    explained_variance   | 1          |
|    learning_rate        | 0.0003     |
|    loss                 | -0.00726   |
|    n_updates            | 6440       |
|    policy_gradient_loss | -0.00613   |
|    value_loss           | 0.0126     |
----------------------------------------
-----------------------------------------
| rollout/                |             |
|    ep_len_mean          | 126         |
|    ep_rew_mean          | 249         |
| time/                   |             |
|    fps                  | 1584        |
|    iterations           | 67          |
|    time_elapsed         | 86          |
|    total_timesteps      | 1323008     |
| train/                  |             |
|    approx_kl            | 0.015921483 |
|    clip_fraction        | 0.0731      |
|    clip_range           | 0.2         |
|    entropy_loss         | -0.262      |
|    explained_variance   | 1           |
|    learning_rate        | 0.0003      |
|    loss                 | 0.00723     |
|    n_updates            | 6450        |
|    policy_gradient_loss | -0.00728    |
|    value_loss           | 0.0609      |
-----------------------------------------
------------------------------------------
| rollout/                |              |
|    ep_len_mean          | 126          |
|    ep_rew_mean          | 249          |
| time/                   |              |
|    fps                  | 1586         |
|    iterations           | 68           |
|    time_elapsed         | 87           |
|    total_timesteps      | 1325056      |
| train/                  |              |
|    approx_kl            | 0.0060280547 |
|    clip_fraction        | 0.0642       |
|    clip_range           | 0.2          |
|    entropy_loss         | -0.28        |
|    explained_variance   | 1            |
|    learning_rate        | 0.0003       |
|    loss                 | -0.00581     |
|    n_updates            | 6460         |
|    policy_gradient_loss | -0.00821     |
|    value_loss           | 0.0268       |
------------------------------------------
----------------------------------------
| rollout/                |            |
|    ep_len_mean          | 126        |
|    ep_rew_mean          | 249        |
| time/                   |            |
|    fps                  | 1587       |
|    iterations           | 69         |
|    time_elapsed         | 89         |
|    total_timesteps      | 1327104    |
| train/                  |            |
|    approx_kl            | 0.01211766 |
|    clip_fraction        | 0.0818     |
|    clip_range           | 0.2        |
|    entropy_loss         | -0.271     |
|    explained_variance   | 1          |
|    learning_rate        | 0.0003     |
|    loss                 | 0.00606    |
|    n_updates            | 6470       |
|    policy_gradient_loss | -0.00977   |
|    value_loss           | 0.0423     |
----------------------------------------
-----------------------------------------
| rollout/                |             |
|    ep_len_mean          | 126         |
|    ep_rew_mean          | 249         |
| time/                   |             |
|    fps                  | 1588        |
|    iterations           | 70          |
|    time_elapsed         | 90          |
|    total_timesteps      | 1329152     |
| train/                  |             |
|    approx_kl            | 0.008576553 |
|    clip_fraction        | 0.0676      |
|    clip_range           | 0.2         |
|    entropy_loss         | -0.269      |
|    explained_variance   | 1           |
|    learning_rate        | 0.0003      |
|    loss                 | -0.0123     |
|    n_updates            | 6480        |
|    policy_gradient_loss | -0.00915    |
|    value_loss           | 0.0328      |
-----------------------------------------
-----------------------------------------
| rollout/                |             |
|    ep_len_mean          | 126         |
|    ep_rew_mean          | 249         |
| time/                   |             |
|    fps                  | 1588        |
|    iterations           | 71          |
|    time_elapsed         | 91          |
|    total_timesteps      | 1331200     |
| train/                  |             |
|    approx_kl            | 0.010095551 |
|    clip_fraction        | 0.076       |
|    clip_range           | 0.2         |
|    entropy_loss         | -0.263      |
|    explained_variance   | 0.999       |
|    learning_rate        | 0.0003      |
|    loss                 | 0.00195     |
|    n_updates            | 6490        |
|    policy_gradient_loss | -0.00887    |
|    value_loss           | 0.0428      |
-----------------------------------------
----------------------------------------
| rollout/                |            |
|    ep_len_mean          | 129        |
|    ep_rew_mean          | 247        |
| time/                   |            |
|    fps                  | 1589       |
|    iterations           | 72         |
|    time_elapsed         | 92         |
|    total_timesteps      | 1333248    |
| train/                  |            |
|    approx_kl            | 0.01538894 |
|    clip_fraction        | 0.0886     |
|    clip_range           | 0.2        |
|    entropy_loss         | -0.262     |
|    explained_variance   | 1          |
|    learning_rate        | 0.0003     |
|    loss                 | -0.00658   |
|    n_updates            | 6500       |
|    policy_gradient_loss | -0.0123    |
|    value_loss           | 0.013      |
----------------------------------------
----------------------------------------
| rollout/                |            |
|    ep_len_mean          | 129        |
|    ep_rew_mean          | 247        |
| time/                   |            |
|    fps                  | 1590       |
|    iterations           | 73         |
|    time_elapsed         | 94         |
|    total_timesteps      | 1335296    |
| train/                  |            |
|    approx_kl            | 0.01278224 |
|    clip_fraction        | 0.0675     |
|    clip_range           | 0.2        |
|    entropy_loss         | -0.436     |
|    explained_variance   | 0.636      |
|    learning_rate        | 0.0003     |
|    loss                 | 0.65       |
|    n_updates            | 6510       |
|    policy_gradient_loss | -0.0135    |
|    value_loss           | 8.24       |
----------------------------------------
-----------------------------------------
| rollout/                |             |
|    ep_len_mean          | 132         |
|    ep_rew_mean          | 247         |
| time/                   |             |
|    fps                  | 1588        |
|    iterations           | 74          |
|    time_elapsed         | 95          |
|    total_timesteps      | 1337344     |
| train/                  |             |
|    approx_kl            | 0.008948254 |
|    clip_fraction        | 0.0594      |
|    clip_range           | 0.2         |
|    entropy_loss         | -0.262      |
|    explained_variance   | 0.999       |
|    learning_rate        | 0.0003      |
|    loss                 | 0.1         |
|    n_updates            | 6520        |
|    policy_gradient_loss | -0.00765    |
|    value_loss           | 0.14        |
-----------------------------------------
-----------------------------------------
| rollout/                |             |
|    ep_len_mean          | 137         |
|    ep_rew_mean          | 247         |
| time/                   |             |
|    fps                  | 1588        |
|    iterations           | 75          |
|    time_elapsed         | 96          |
|    total_timesteps      | 1339392     |
| train/                  |             |
|    approx_kl            | 0.005036653 |
|    clip_fraction        | 0.028       |
|    clip_range           | 0.2         |
|    entropy_loss         | -0.454      |
|    explained_variance   | 0.824       |
|    learning_rate        | 0.0003      |
|    loss                 | 5.85        |
|    n_updates            | 6530        |
|    policy_gradient_loss | -0.0131     |
|    value_loss           | 19.3        |
-----------------------------------------
------------------------------------------
| rollout/                |              |
|    ep_len_mean          | 138          |
|    ep_rew_mean          | 247          |
| time/                   |              |
|    fps                  | 1589         |
|    iterations           | 76           |
|    time_elapsed         | 97           |
|    total_timesteps      | 1341440      |
| train/                  |              |
|    approx_kl            | 0.0075386222 |
|    clip_fraction        | 0.0551       |
|    clip_range           | 0.2          |
|    entropy_loss         | -0.542       |
|    explained_variance   | 0.821        |
|    learning_rate        | 0.0003       |
|    loss                 | 13.6         |
|    n_updates            | 6540         |
|    policy_gradient_loss | -0.0156      |
|    value_loss           | 39.9         |
------------------------------------------
------------------------------------------
| rollout/                |              |
|    ep_len_mean          | 138          |
|    ep_rew_mean          | 247          |
| time/                   |              |
|    fps                  | 1589         |
|    iterations           | 77           |
|    time_elapsed         | 99           |
|    total_timesteps      | 1343488      |
| train/                  |              |
|    approx_kl            | 0.0031541153 |
|    clip_fraction        | 0.0222       |
|    clip_range           | 0.2          |
|    entropy_loss         | -0.311       |
|    explained_variance   | 0.927        |
|    learning_rate        | 0.0003       |
|    loss                 | 6.97         |
|    n_updates            | 6550         |
|    policy_gradient_loss | -0.015       |
|    value_loss           | 16.8         |
------------------------------------------
------------------------------------------
| rollout/                |              |
|    ep_len_mean          | 134          |
|    ep_rew_mean          | 249          |
| time/                   |              |
|    fps                  | 1589         |
|    iterations           | 78           |
|    time_elapsed         | 100          |
|    total_timesteps      | 1345536      |
| train/                  |              |
|    approx_kl            | 0.0058149323 |
|    clip_fraction        | 0.0398       |
|    clip_range           | 0.2          |
|    entropy_loss         | -0.267       |
|    explained_variance   | 0.997        |
|    learning_rate        | 0.0003       |
|    loss                 | 0.0259       |
|    n_updates            | 6560         |
|    policy_gradient_loss | -0.00512     |
|    value_loss           | 0.132        |
------------------------------------------
------------------------------------------
| rollout/                |              |
|    ep_len_mean          | 134          |
|    ep_rew_mean          | 249          |
| time/                   |              |
|    fps                  | 1589         |
|    iterations           | 79           |
|    time_elapsed         | 101          |
|    total_timesteps      | 1347584      |
| train/                  |              |
|    approx_kl            | 0.0074949893 |
|    clip_fraction        | 0.0531       |
|    clip_range           | 0.2          |
|    entropy_loss         | -0.27        |
|    explained_variance   | 0.999        |
|    learning_rate        | 0.0003       |
|    loss                 | -0.000354    |
|    n_updates            | 6570         |
|    policy_gradient_loss | -0.00365     |
|    value_loss           | 0.0304       |
------------------------------------------
-----------------------------------------
| rollout/                |             |
|    ep_len_mean          | 132         |
|    ep_rew_mean          | 249         |
| time/                   |             |
|    fps                  | 1590        |
|    iterations           | 80          |
|    time_elapsed         | 103         |
|    total_timesteps      | 1349632     |
| train/                  |             |
|    approx_kl            | 0.007942194 |
|    clip_fraction        | 0.0707      |
|    clip_range           | 0.2         |
|    entropy_loss         | -0.282      |
|    explained_variance   | 0.999       |
|    learning_rate        | 0.0003      |
|    loss                 | 0.0115      |
|    n_updates            | 6580        |
|    policy_gradient_loss | -0.00821    |
|    value_loss           | 0.071       |
-----------------------------------------
-----------------------------------------
| rollout/                |             |
|    ep_len_mean          | 127         |
|    ep_rew_mean          | 249         |
| time/                   |             |
|    fps                  | 1591        |
|    iterations           | 81          |
|    time_elapsed         | 104         |
|    total_timesteps      | 1351680     |
| train/                  |             |
|    approx_kl            | 0.019980785 |
|    clip_fraction        | 0.0692      |
|    clip_range           | 0.2         |
|    entropy_loss         | -0.284      |
|    explained_variance   | 0.999       |
|    learning_rate        | 0.0003      |
|    loss                 | 0.0339      |
|    n_updates            | 6590        |
|    policy_gradient_loss | -0.0154     |
|    value_loss           | 0.117       |
-----------------------------------------
-----------------------------------------
| rollout/                |             |
|    ep_len_mean          | 126         |
|    ep_rew_mean          | 249         |
| time/                   |             |
|    fps                  | 1591        |
|    iterations           | 82          |
|    time_elapsed         | 105         |
|    total_timesteps      | 1353728     |
| train/                  |             |
|    approx_kl            | 0.008908311 |
|    clip_fraction        | 0.0706      |
|    clip_range           | 0.2         |
|    entropy_loss         | -0.286      |
|    explained_variance   | 1           |
|    learning_rate        | 0.0003      |
|    loss                 | 0.0275      |
|    n_updates            | 6600        |
|    policy_gradient_loss | -0.00725    |
|    value_loss           | 0.0485      |
-----------------------------------------
------------------------------------------
| rollout/                |              |
|    ep_len_mean          | 126          |
|    ep_rew_mean          | 249          |
| time/                   |              |
|    fps                  | 1592         |
|    iterations           | 83           |
|    time_elapsed         | 106          |
|    total_timesteps      | 1355776      |
| train/                  |              |
|    approx_kl            | 0.0068515916 |
|    clip_fraction        | 0.0594       |
|    clip_range           | 0.2          |
|    entropy_loss         | -0.276       |
|    explained_variance   | 1            |
|    learning_rate        | 0.0003       |
|    loss                 | -0.00431     |
|    n_updates            | 6610         |
|    policy_gradient_loss | -0.00566     |
|    value_loss           | 0.00882      |
------------------------------------------
-----------------------------------------
| rollout/                |             |
|    ep_len_mean          | 126         |
|    ep_rew_mean          | 249         |
| time/                   |             |
|    fps                  | 1592        |
|    iterations           | 84          |
|    time_elapsed         | 107         |
|    total_timesteps      | 1357824     |
| train/                  |             |
|    approx_kl            | 0.008130009 |
|    clip_fraction        | 0.0873      |
|    clip_range           | 0.2         |
|    entropy_loss         | -0.263      |
|    explained_variance   | 1           |
|    learning_rate        | 0.0003      |
|    loss                 | -0.00706    |
|    n_updates            | 6620        |
|    policy_gradient_loss | -0.00731    |
|    value_loss           | 0.0148      |
-----------------------------------------
-----------------------------------------
| rollout/                |             |
|    ep_len_mean          | 126         |
|    ep_rew_mean          | 249         |
| time/                   |             |
|    fps                  | 1593        |
|    iterations           | 85          |
|    time_elapsed         | 109         |
|    total_timesteps      | 1359872     |
| train/                  |             |
|    approx_kl            | 0.006618291 |
|    clip_fraction        | 0.0525      |
|    clip_range           | 0.2         |
|    entropy_loss         | -0.261      |
|    explained_variance   | 0.994       |
|    learning_rate        | 0.0003      |
|    loss                 | 0.316       |
|    n_updates            | 6630        |
|    policy_gradient_loss | -0.00736    |
|    value_loss           | 1.44        |
-----------------------------------------
----------------------------------------
| rollout/                |            |
|    ep_len_mean          | 126        |
|    ep_rew_mean          | 249        |
| time/                   |            |
|    fps                  | 1593       |
|    iterations           | 86         |
|    time_elapsed         | 110        |
|    total_timesteps      | 1361920    |
| train/                  |            |
|    approx_kl            | 0.00992271 |
|    clip_fraction        | 0.0528     |
|    clip_range           | 0.2        |
|    entropy_loss         | -0.248     |
|    explained_variance   | 1          |
|    learning_rate        | 0.0003     |
|    loss                 | 0.0181     |
|    n_updates            | 6640       |
|    policy_gradient_loss | -0.00606   |
|    value_loss           | 0.0599     |
----------------------------------------
------------------------------------------
| rollout/                |              |
|    ep_len_mean          | 126          |
|    ep_rew_mean          | 249          |
| time/                   |              |
|    fps                  | 1593         |
|    iterations           | 87           |
|    time_elapsed         | 111          |
|    total_timesteps      | 1363968      |
| train/                  |              |
|    approx_kl            | 0.0064731254 |
|    clip_fraction        | 0.0611       |
|    clip_range           | 0.2          |
|    entropy_loss         | -0.248       |
|    explained_variance   | 1            |
|    learning_rate        | 0.0003       |
|    loss                 | 0.0264       |
|    n_updates            | 6650         |
|    policy_gradient_loss | -0.00624     |
|    value_loss           | 0.0579       |
------------------------------------------
-----------------------------------------
| rollout/                |             |
|    ep_len_mean          | 126         |
|    ep_rew_mean          | 249         |
| time/                   |             |
|    fps                  | 1592        |
|    iterations           | 88          |
|    time_elapsed         | 113         |
|    total_timesteps      | 1366016     |
| train/                  |             |
|    approx_kl            | 0.005543958 |
|    clip_fraction        | 0.0347      |
|    clip_range           | 0.2         |
|    entropy_loss         | -0.255      |
|    explained_variance   | 0.964       |
|    learning_rate        | 0.0003      |
|    loss                 | 0.51        |
|    n_updates            | 6660        |
|    policy_gradient_loss | -0.0102     |
|    value_loss           | 4.67        |
-----------------------------------------
----------------------------------------
| rollout/                |            |
|    ep_len_mean          | 126        |
|    ep_rew_mean          | 249        |
| time/                   |            |
|    fps                  | 1593       |
|    iterations           | 89         |
|    time_elapsed         | 114        |
|    total_timesteps      | 1368064    |
| train/                  |            |
|    approx_kl            | 0.00839752 |
|    clip_fraction        | 0.0688     |
|    clip_range           | 0.2        |
|    entropy_loss         | -0.256     |
|    explained_variance   | 1          |
|    learning_rate        | 0.0003     |
|    loss                 | -0.0132    |
|    n_updates            | 6670       |
|    policy_gradient_loss | -0.0111    |
|    value_loss           | 0.0206     |
----------------------------------------
------------------------------------------
| rollout/                |              |
|    ep_len_mean          | 127          |
|    ep_rew_mean          | 249          |
| time/                   |              |
|    fps                  | 1593         |
|    iterations           | 90           |
|    time_elapsed         | 115          |
|    total_timesteps      | 1370112      |
| train/                  |              |
|    approx_kl            | 0.0056623844 |
|    clip_fraction        | 0.0554       |
|    clip_range           | 0.2          |
|    entropy_loss         | -0.265       |
|    explained_variance   | 1            |
|    learning_rate        | 0.0003       |
|    loss                 | -0.00838     |
|    n_updates            | 6680         |
|    policy_gradient_loss | -0.00515     |
|    value_loss           | 0.00651      |
------------------------------------------
-----------------------------------------
| rollout/                |             |
|    ep_len_mean          | 127         |
|    ep_rew_mean          | 249         |
| time/                   |             |
|    fps                  | 1594        |
|    iterations           | 91          |
|    time_elapsed         | 116         |
|    total_timesteps      | 1372160     |
| train/                  |             |
|    approx_kl            | 0.006628611 |
|    clip_fraction        | 0.0345      |
|    clip_range           | 0.2         |
|    entropy_loss         | -0.274      |
|    explained_variance   | 0.982       |
|    learning_rate        | 0.0003      |
|    loss                 | 2.41        |
|    n_updates            | 6690        |
|    policy_gradient_loss | -0.011      |
|    value_loss           | 4.12        |
-----------------------------------------
------------------------------------------
| rollout/                |              |
|    ep_len_mean          | 127          |
|    ep_rew_mean          | 249          |
| time/                   |              |
|    fps                  | 1593         |
|    iterations           | 92           |
|    time_elapsed         | 118          |
|    total_timesteps      | 1374208      |
| train/                  |              |
|    approx_kl            | 0.0035168906 |
|    clip_fraction        | 0.0272       |
|    clip_range           | 0.2          |
|    entropy_loss         | -0.26        |
|    explained_variance   | 0.997        |
|    learning_rate        | 0.0003       |
|    loss                 | 0.0929       |
|    n_updates            | 6700         |
|    policy_gradient_loss | -0.00413     |
|    value_loss           | 0.45         |
------------------------------------------
------------------------------------------
| rollout/                |              |
|    ep_len_mean          | 127          |
|    ep_rew_mean          | 249          |
| time/                   |              |
|    fps                  | 1594         |
|    iterations           | 93           |
|    time_elapsed         | 119          |
|    total_timesteps      | 1376256      |
| train/                  |              |
|    approx_kl            | 0.0056369714 |
|    clip_fraction        | 0.0497       |
|    clip_range           | 0.2          |
|    entropy_loss         | -0.26        |
|    explained_variance   | 1            |
|    learning_rate        | 0.0003       |
|    loss                 | 0.0381       |
|    n_updates            | 6710         |
|    policy_gradient_loss | -0.00816     |
|    value_loss           | 0.0749       |
------------------------------------------
-----------------------------------------
| rollout/                |             |
|    ep_len_mean          | 127         |
|    ep_rew_mean          | 249         |
| time/                   |             |
|    fps                  | 1594        |
|    iterations           | 94          |
|    time_elapsed         | 120         |
|    total_timesteps      | 1378304     |
| train/                  |             |
|    approx_kl            | 0.006810497 |
|    clip_fraction        | 0.0475      |
|    clip_range           | 0.2         |
|    entropy_loss         | -0.262      |
|    explained_variance   | 1           |
|    learning_rate        | 0.0003      |
|    loss                 | 0.00367     |
|    n_updates            | 6720        |
|    policy_gradient_loss | -0.00518    |
|    value_loss           | 0.0248      |
-----------------------------------------
-----------------------------------------
| rollout/                |             |
|    ep_len_mean          | 127         |
|    ep_rew_mean          | 249         |
| time/                   |             |
|    fps                  | 1595        |
|    iterations           | 95          |
|    time_elapsed         | 121         |
|    total_timesteps      | 1380352     |
| train/                  |             |
|    approx_kl            | 0.012028208 |
|    clip_fraction        | 0.074       |
|    clip_range           | 0.2         |
|    entropy_loss         | -0.266      |
|    explained_variance   | 1           |
|    learning_rate        | 0.0003      |
|    loss                 | 0.0049      |
|    n_updates            | 6730        |
|    policy_gradient_loss | -0.00876    |
|    value_loss           | 0.0627      |
-----------------------------------------
------------------------------------------
| rollout/                |              |
|    ep_len_mean          | 126          |
|    ep_rew_mean          | 249          |
| time/                   |              |
|    fps                  | 1596         |
|    iterations           | 96           |
|    time_elapsed         | 123          |
|    total_timesteps      | 1382400      |
| train/                  |              |
|    approx_kl            | 0.0031014401 |
|    clip_fraction        | 0.0411       |
|    clip_range           | 0.2          |
|    entropy_loss         | -0.264       |
|    explained_variance   | 0.979        |
|    learning_rate        | 0.0003       |
|    loss                 | 0.405        |
|    n_updates            | 6740         |
|    policy_gradient_loss | -0.00719     |
|    value_loss           | 2.43         |
------------------------------------------
-----------------------------------------
| rollout/                |             |
|    ep_len_mean          | 126         |
|    ep_rew_mean          | 249         |
| time/                   |             |
|    fps                  | 1596        |
|    iterations           | 97          |
|    time_elapsed         | 124         |
|    total_timesteps      | 1384448     |
| train/                  |             |
|    approx_kl            | 0.004558243 |
|    clip_fraction        | 0.0343      |
|    clip_range           | 0.2         |
|    entropy_loss         | -0.256      |
|    explained_variance   | 0.999       |
|    learning_rate        | 0.0003      |
|    loss                 | 0.00309     |
|    n_updates            | 6750        |
|    policy_gradient_loss | -0.00659    |
|    value_loss           | 0.0644      |
-----------------------------------------
-----------------------------------------
| rollout/                |             |
|    ep_len_mean          | 126         |
|    ep_rew_mean          | 249         |
| time/                   |             |
|    fps                  | 1596        |
|    iterations           | 98          |
|    time_elapsed         | 125         |
|    total_timesteps      | 1386496     |
| train/                  |             |
|    approx_kl            | 0.011266897 |
|    clip_fraction        | 0.0777      |
|    clip_range           | 0.2         |
|    entropy_loss         | -0.252      |
|    explained_variance   | 1           |
|    learning_rate        | 0.0003      |
|    loss                 | 0.00332     |
|    n_updates            | 6760        |
|    policy_gradient_loss | -0.0105     |
|    value_loss           | 0.0689      |
-----------------------------------------
 100% ━━━━━━━━━━━━━━━━━━━━━━ 200,704/200,000  [ 0:02:05 < 0:00:00 , 1,619 it/s ]

  [eval final] success=100.0%
[PPO-Random] 阶段 finetune_ship_pipe_100 完成，耗时 125.8s

[PPO-Random] 生成训练地图池 8 张 …
  完成，耗时 216.1s | 示例障碍占比 27.9%

============================================================
[PPO-Random] 阶段 3/3 | pool_500_lite
  规模: 500×500 | 训练池: 8 | 留出评测: 4
  train steps: 120,000 | max_episode_steps: 3200
============================================================
---------------------------------
| rollout/           |          |
|    ep_len_mean     | 126      |
|    ep_rew_mean     | 249      |
| time/              |          |
|    fps             | 1847     |
|    iterations      | 1        |
|    time_elapsed    | 1        |
|    total_timesteps | 1388544  |
---------------------------------
---------------------------------------
| rollout/                |           |
|    ep_len_mean          | 157       |
|    ep_rew_mean          | 246       |
| time/                   |           |
|    fps                  | 1759      |
|    iterations           | 2         |
|    time_elapsed         | 2         |
|    total_timesteps      | 1390592   |
| train/                  |           |
|    approx_kl            | 0.0237545 |
|    clip_fraction        | 0.122     |
|    clip_range           | 0.2       |
|    entropy_loss         | -1.03     |
|    explained_variance   | -1.77     |
|    learning_rate        | 0.0003    |
|    loss                 | 3.17      |
|    n_updates            | 6780      |
|    policy_gradient_loss | -0.00736  |
|    value_loss           | 27.7      |
---------------------------------------
-----------------------------------------
| rollout/                |             |
|    ep_len_mean          | 157         |
|    ep_rew_mean          | 246         |
| time/                   |             |
|    fps                  | 1735        |
|    iterations           | 3           |
|    time_elapsed         | 3           |
|    total_timesteps      | 1392640     |
| train/                  |             |
|    approx_kl            | 0.012575547 |
|    clip_fraction        | 0.197       |
|    clip_range           | 0.2         |
|    entropy_loss         | -0.846      |
|    explained_variance   | 0.342       |
|    learning_rate        | 0.0003      |
|    loss                 | 5.23        |
|    n_updates            | 6790        |
|    policy_gradient_loss | -0.00514    |
|    value_loss           | 43.8        |
-----------------------------------------
-----------------------------------------
| rollout/                |             |
|    ep_len_mean          | 188         |
|    ep_rew_mean          | 235         |
| time/                   |             |
|    fps                  | 1735        |
|    iterations           | 4           |
|    time_elapsed         | 4           |
|    total_timesteps      | 1394688     |
| train/                  |             |
|    approx_kl            | 0.047048226 |
|    clip_fraction        | 0.332       |
|    clip_range           | 0.2         |
|    entropy_loss         | -0.67       |
|    explained_variance   | 0           |
|    learning_rate        | 0.0003      |
|    loss                 | 1.42        |
|    n_updates            | 6800        |
|    policy_gradient_loss | 0.00797     |
|    value_loss           | 51          |
-----------------------------------------
-----------------------------------------
| rollout/                |             |
|    ep_len_mean          | 219         |
|    ep_rew_mean          | 223         |
| time/                   |             |
|    fps                  | 1735        |
|    iterations           | 5           |
|    time_elapsed         | 5           |
|    total_timesteps      | 1396736     |
| train/                  |             |
|    approx_kl            | 0.008136975 |
|    clip_fraction        | 0.115       |
|    clip_range           | 0.2         |
|    entropy_loss         | -0.521      |
|    explained_variance   | 0.869       |
|    learning_rate        | 0.0003      |
|    loss                 | 1.95        |
|    n_updates            | 6810        |
|    policy_gradient_loss | 0.00588     |
|    value_loss           | 35.2        |
-----------------------------------------
-------------------------------------------
| rollout/                |               |
|    ep_len_mean          | 219           |
|    ep_rew_mean          | 223           |
| time/                   |               |
|    fps                  | 1733          |
|    iterations           | 6             |
|    time_elapsed         | 7             |
|    total_timesteps      | 1398784       |
| train/                  |               |
|    approx_kl            | 0.00095518876 |
|    clip_fraction        | 0.00195       |
|    clip_range           | 0.2           |
|    entropy_loss         | -0.285        |
|    explained_variance   | 0.78          |
|    learning_rate        | 0.0003        |
|    loss                 | 7.42          |
|    n_updates            | 6820          |
|    policy_gradient_loss | -0.00142      |
|    value_loss           | 72.1          |
-------------------------------------------
-----------------------------------------
| rollout/                |             |
|    ep_len_mean          | 249         |
|    ep_rew_mean          | 223         |
| time/                   |             |
|    fps                  | 1732        |
|    iterations           | 7           |
|    time_elapsed         | 8           |
|    total_timesteps      | 1400832     |
| train/                  |             |
|    approx_kl            | 0.008307066 |
|    clip_fraction        | 0.0761      |
|    clip_range           | 0.2         |
|    entropy_loss         | -0.705      |
|    explained_variance   | -0.13       |
|    learning_rate        | 0.0003      |
|    loss                 | 1.53        |
|    n_updates            | 6830        |
|    policy_gradient_loss | -0.00779    |
|    value_loss           | 14.9        |
-----------------------------------------
-----------------------------------------
| rollout/                |             |
|    ep_len_mean          | 280         |
|    ep_rew_mean          | 224         |
| time/                   |             |
|    fps                  | 1741        |
|    iterations           | 8           |
|    time_elapsed         | 9           |
|    total_timesteps      | 1402880     |
| train/                  |             |
|    approx_kl            | 0.007750995 |
|    clip_fraction        | 0.0351      |
|    clip_range           | 0.2         |
|    entropy_loss         | -0.521      |
|    explained_variance   | 0.875       |
|    learning_rate        | 0.0003      |
|    loss                 | 23.7        |
|    n_updates            | 6840        |
|    policy_gradient_loss | -0.00287    |
|    value_loss           | 73.7        |
-----------------------------------------
------------------------------------------
| rollout/                |              |
|    ep_len_mean          | 280          |
|    ep_rew_mean          | 224          |
| time/                   |              |
|    fps                  | 1736         |
|    iterations           | 9            |
|    time_elapsed         | 10           |
|    total_timesteps      | 1404928      |
| train/                  |              |
|    approx_kl            | 0.0049903793 |
|    clip_fraction        | 0.0397       |
|    clip_range           | 0.2          |
|    entropy_loss         | -0.621       |
|    explained_variance   | 0.811        |
|    learning_rate        | 0.0003       |
|    loss                 | 2.09         |
|    n_updates            | 6850         |
|    policy_gradient_loss | -0.00512     |
|    value_loss           | 17.8         |
------------------------------------------
-----------------------------------------
| rollout/                |             |
|    ep_len_mean          | 311         |
|    ep_rew_mean          | 223         |
| time/                   |             |
|    fps                  | 1735        |
|    iterations           | 10          |
|    time_elapsed         | 11          |
|    total_timesteps      | 1406976     |
| train/                  |             |
|    approx_kl            | 0.065635696 |
|    clip_fraction        | 0.249       |
|    clip_range           | 0.2         |
|    entropy_loss         | -1.22       |
|    explained_variance   | -0.614      |
|    learning_rate        | 0.0003      |
|    loss                 | 0.416       |
|    n_updates            | 6860        |
|    policy_gradient_loss | -0.00316    |
|    value_loss           | 3.67        |
-----------------------------------------
----------------------------------------
| rollout/                |            |
|    ep_len_mean          | 342        |
|    ep_rew_mean          | 225        |
| time/                   |            |
|    fps                  | 1745       |
|    iterations           | 11         |
|    time_elapsed         | 12         |
|    total_timesteps      | 1409024    |
| train/                  |            |
|    approx_kl            | 0.07158274 |
|    clip_fraction        | 0.354      |
|    clip_range           | 0.2        |
|    entropy_loss         | -0.732     |
|    explained_variance   | 0.899      |
|    learning_rate        | 0.0003     |
|    loss                 | 21.6       |
|    n_updates            | 6870       |
|    policy_gradient_loss | 0.00308    |
|    value_loss           | 57.7       |
----------------------------------------
-----------------------------------------
| rollout/                |             |
|    ep_len_mean          | 342         |
|    ep_rew_mean          | 225         |
| time/                   |             |
|    fps                  | 1744        |
|    iterations           | 12          |
|    time_elapsed         | 14          |
|    total_timesteps      | 1411072     |
| train/                  |             |
|    approx_kl            | 0.006762893 |
|    clip_fraction        | 0.0353      |
|    clip_range           | 0.2         |
|    entropy_loss         | -0.612      |
|    explained_variance   | 0.857       |
|    learning_rate        | 0.0003      |
|    loss                 | 2.34        |
|    n_updates            | 6880        |
|    policy_gradient_loss | -0.00313    |
|    value_loss           | 12.1        |
-----------------------------------------
-----------------------------------------
| rollout/                |             |
|    ep_len_mean          | 372         |
|    ep_rew_mean          | 213         |
| time/                   |             |
|    fps                  | 1749        |
|    iterations           | 13          |
|    time_elapsed         | 15          |
|    total_timesteps      | 1413120     |
| train/                  |             |
|    approx_kl            | 0.046764344 |
|    clip_fraction        | 0.106       |
|    clip_range           | 0.2         |
|    entropy_loss         | -0.54       |
|    explained_variance   | 0.303       |
|    learning_rate        | 0.0003      |
|    loss                 | 0.097       |
|    n_updates            | 6890        |
|    policy_gradient_loss | 0.0017      |
|    value_loss           | 4.23        |
-----------------------------------------
-----------------------------------------
| rollout/                |             |
|    ep_len_mean          | 372         |
|    ep_rew_mean          | 213         |
| time/                   |             |
|    fps                  | 1772        |
|    iterations           | 14          |
|    time_elapsed         | 16          |
|    total_timesteps      | 1415168     |
| train/                  |             |
|    approx_kl            | 0.009064425 |
|    clip_fraction        | 0.0598      |
|    clip_range           | 0.2         |
|    entropy_loss         | -0.433      |
|    explained_variance   | 0.871       |
|    learning_rate        | 0.0003      |
|    loss                 | 9.23        |
|    n_updates            | 6900        |
|    policy_gradient_loss | -0.000465   |
|    value_loss           | 49.5        |
-----------------------------------------
-----------------------------------------
| rollout/                |             |
|    ep_len_mean          | 403         |
|    ep_rew_mean          | 204         |
| time/                   |             |
|    fps                  | 1770        |
|    iterations           | 15          |
|    time_elapsed         | 17          |
|    total_timesteps      | 1417216     |
| train/                  |             |
|    approx_kl            | 0.031952605 |
|    clip_fraction        | 0.183       |
|    clip_range           | 0.2         |
|    entropy_loss         | -0.675      |
|    explained_variance   | 0.862       |
|    learning_rate        | 0.0003      |
|    loss                 | 0.54        |
|    n_updates            | 6910        |
|    policy_gradient_loss | -0.000643   |
|    value_loss           | 8.3         |
-----------------------------------------
----------------------------------------
| rollout/                |            |
|    ep_len_mean          | 434        |
|    ep_rew_mean          | 205        |
| time/                   |            |
|    fps                  | 1764       |
|    iterations           | 16         |
|    time_elapsed         | 18         |
|    total_timesteps      | 1419264    |
| train/                  |            |
|    approx_kl            | 0.02239355 |
|    clip_fraction        | 0.0719     |
|    clip_range           | 0.2        |
|    entropy_loss         | -0.622     |
|    explained_variance   | 0.837      |
|    learning_rate        | 0.0003     |
|    loss                 | 8.45       |
|    n_updates            | 6920       |
|    policy_gradient_loss | -0.00146   |
|    value_loss           | 39         |
----------------------------------------
-----------------------------------------
| rollout/                |             |
|    ep_len_mean          | 434         |
|    ep_rew_mean          | 205         |
| time/                   |             |
|    fps                  | 1745        |
|    iterations           | 17          |
|    time_elapsed         | 19          |
|    total_timesteps      | 1421312     |
| train/                  |             |
|    approx_kl            | 0.004758681 |
|    clip_fraction        | 0.032       |
|    clip_range           | 0.2         |
|    entropy_loss         | -0.754      |
|    explained_variance   | 0.858       |
|    learning_rate        | 0.0003      |
|    loss                 | 10.2        |
|    n_updates            | 6930        |
|    policy_gradient_loss | -0.00565    |
|    value_loss           | 34.3        |
-----------------------------------------
-----------------------------------------
| rollout/                |             |
|    ep_len_mean          | 465         |
|    ep_rew_mean          | 202         |
| time/                   |             |
|    fps                  | 1728        |
|    iterations           | 18          |
|    time_elapsed         | 21          |
|    total_timesteps      | 1423360     |
| train/                  |             |
|    approx_kl            | 0.035375714 |
|    clip_fraction        | 0.387       |
|    clip_range           | 0.2         |
|    entropy_loss         | -1.35       |
|    explained_variance   | 0.444       |
|    learning_rate        | 0.0003      |
|    loss                 | 0.404       |
|    n_updates            | 6940        |
|    policy_gradient_loss | -0.016      |
|    value_loss           | 1.44        |
-----------------------------------------
------------------------------------------
| rollout/                |              |
|    ep_len_mean          | 495          |
|    ep_rew_mean          | 189          |
| time/                   |              |
|    fps                  | 1728         |
|    iterations           | 19           |
|    time_elapsed         | 22           |
|    total_timesteps      | 1425408      |
| train/                  |              |
|    approx_kl            | 0.0030514102 |
|    clip_fraction        | 0.0628       |
|    clip_range           | 0.2          |
|    entropy_loss         | -0.688       |
|    explained_variance   | 0.541        |
|    learning_rate        | 0.0003       |
|    loss                 | 0.762        |
|    n_updates            | 6950         |
|    policy_gradient_loss | 0.00367      |
|    value_loss           | 16.8         |
------------------------------------------
-------------------------------------------
| rollout/                |               |
|    ep_len_mean          | 495           |
|    ep_rew_mean          | 189           |
| time/                   |               |
|    fps                  | 1729          |
|    iterations           | 20            |
|    time_elapsed         | 23            |
|    total_timesteps      | 1427456       |
| train/                  |               |
|    approx_kl            | 0.00072825875 |
|    clip_fraction        | 0.00156       |
|    clip_range           | 0.2           |
|    entropy_loss         | -0.477        |
|    explained_variance   | 0.797         |
|    learning_rate        | 0.0003        |
|    loss                 | 5.16          |
|    n_updates            | 6960          |
|    policy_gradient_loss | -0.00176      |
|    value_loss           | 41.4          |
-------------------------------------------
------------------------------------------
| rollout/                |              |
|    ep_len_mean          | 526          |
|    ep_rew_mean          | 190          |
| time/                   |              |
|    fps                  | 1714         |
|    iterations           | 21           |
|    time_elapsed         | 25           |
|    total_timesteps      | 1429504      |
| train/                  |              |
|    approx_kl            | 0.0034378069 |
|    clip_fraction        | 0.0173       |
|    clip_range           | 0.2          |
|    entropy_loss         | -0.707       |
|    explained_variance   | 0.756        |
|    learning_rate        | 0.0003       |
|    loss                 | 9.68         |
|    n_updates            | 6970         |
|    policy_gradient_loss | -0.00568     |
|    value_loss           | 30.7         |
------------------------------------------
------------------------------------------
| rollout/                |              |
|    ep_len_mean          | 557          |
|    ep_rew_mean          | 182          |
| time/                   |              |
|    fps                  | 1708         |
|    iterations           | 22           |
|    time_elapsed         | 26           |
|    total_timesteps      | 1431552      |
| train/                  |              |
|    approx_kl            | 0.0021725576 |
|    clip_fraction        | 0.0193       |
|    clip_range           | 0.2          |
|    entropy_loss         | -0.56        |
|    explained_variance   | 0.787        |
|    learning_rate        | 0.0003       |
|    loss                 | 0.604        |
|    n_updates            | 6980         |
|    policy_gradient_loss | -0.00449     |
|    value_loss           | 7.64         |
------------------------------------------
------------------------------------------
| rollout/                |              |
|    ep_len_mean          | 557          |
|    ep_rew_mean          | 182          |
| time/                   |              |
|    fps                  | 1703         |
|    iterations           | 23           |
|    time_elapsed         | 27           |
|    total_timesteps      | 1433600      |
| train/                  |              |
|    approx_kl            | 0.0035617896 |
|    clip_fraction        | 0.0428       |
|    clip_range           | 0.2          |
|    entropy_loss         | -0.617       |
|    explained_variance   | 0.841        |
|    learning_rate        | 0.0003       |
|    loss                 | 9.66         |
|    n_updates            | 6990         |
|    policy_gradient_loss | -0.00747     |
|    value_loss           | 35.7         |
------------------------------------------
------------------------------------------
| rollout/                |              |
|    ep_len_mean          | 588          |
|    ep_rew_mean          | 183          |
| time/                   |              |
|    fps                  | 1698         |
|    iterations           | 24           |
|    time_elapsed         | 28           |
|    total_timesteps      | 1435648      |
| train/                  |              |
|    approx_kl            | 0.0033838276 |
|    clip_fraction        | 0.0436       |
|    clip_range           | 0.2          |
|    entropy_loss         | -0.676       |
|    explained_variance   | 0.624        |
|    learning_rate        | 0.0003       |
|    loss                 | 25.4         |
|    n_updates            | 7000         |
|    policy_gradient_loss | -0.00864     |
|    value_loss           | 68.1         |
------------------------------------------
------------------------------------------
| rollout/                |              |
|    ep_len_mean          | 618          |
|    ep_rew_mean          | 184          |
| time/                   |              |
|    fps                  | 1688         |
|    iterations           | 25           |
|    time_elapsed         | 30           |
|    total_timesteps      | 1437696      |
| train/                  |              |
|    approx_kl            | 0.0040756464 |
|    clip_fraction        | 0.0388       |
|    clip_range           | 0.2          |
|    entropy_loss         | -0.666       |
|    explained_variance   | 0.88         |
|    learning_rate        | 0.0003       |
|    loss                 | 16           |
|    n_updates            | 7010         |
|    policy_gradient_loss | -0.00747     |
|    value_loss           | 46.7         |
------------------------------------------
-----------------------------------------
| rollout/                |             |
|    ep_len_mean          | 618         |
|    ep_rew_mean          | 184         |
| time/                   |             |
|    fps                  | 1686        |
|    iterations           | 26          |
|    time_elapsed         | 31          |
|    total_timesteps      | 1439744     |
| train/                  |             |
|    approx_kl            | 0.014138216 |
|    clip_fraction        | 0.0881      |
|    clip_range           | 0.2         |
|    entropy_loss         | -0.912      |
|    explained_variance   | -0.205      |
|    learning_rate        | 0.0003      |
|    loss                 | 1.99        |
|    n_updates            | 7020        |
|    policy_gradient_loss | -0.0107     |
|    value_loss           | 8.2         |
-----------------------------------------
-----------------------------------------
| rollout/                |             |
|    ep_len_mean          | 649         |
|    ep_rew_mean          | 182         |
| time/                   |             |
|    fps                  | 1678        |
|    iterations           | 27          |
|    time_elapsed         | 32          |
|    total_timesteps      | 1441792     |
| train/                  |             |
|    approx_kl            | 0.013134627 |
|    clip_fraction        | 0.0861      |
|    clip_range           | 0.2         |
|    entropy_loss         | -0.834      |
|    explained_variance   | 0.927       |
|    learning_rate        | 0.0003      |
|    loss                 | 1.14        |
|    n_updates            | 7030        |
|    policy_gradient_loss | -0.00812    |
|    value_loss           | 5.78        |
-----------------------------------------
------------------------------------------
| rollout/                |              |
|    ep_len_mean          | 649          |
|    ep_rew_mean          | 182          |
| time/                   |              |
|    fps                  | 1672         |
|    iterations           | 28           |
|    time_elapsed         | 34           |
|    total_timesteps      | 1443840      |
| train/                  |              |
|    approx_kl            | 0.0035328832 |
|    clip_fraction        | 0.0625       |
|    clip_range           | 0.2          |
|    entropy_loss         | -0.708       |
|    explained_variance   | 0.886        |
|    learning_rate        | 0.0003       |
|    loss                 | 7.8          |
|    n_updates            | 7040         |
|    policy_gradient_loss | -0.00613     |
|    value_loss           | 25.7         |
------------------------------------------
-----------------------------------------
| rollout/                |             |
|    ep_len_mean          | 680         |
|    ep_rew_mean          | 182         |
| time/                   |             |
|    fps                  | 1666        |
|    iterations           | 29          |
|    time_elapsed         | 35          |
|    total_timesteps      | 1445888     |
| train/                  |             |
|    approx_kl            | 0.050396815 |
|    clip_fraction        | 0.154       |
|    clip_range           | 0.2         |
|    entropy_loss         | -0.893      |
|    explained_variance   | 0.691       |
|    learning_rate        | 0.0003      |
|    loss                 | 0.01        |
|    n_updates            | 7050        |
|    policy_gradient_loss | -0.0168     |
|    value_loss           | 0.563       |
-----------------------------------------
-----------------------------------------
| rollout/                |             |
|    ep_len_mean          | 710         |
|    ep_rew_mean          | 180         |
| time/                   |             |
|    fps                  | 1657        |
|    iterations           | 30          |
|    time_elapsed         | 37          |
|    total_timesteps      | 1447936     |
| train/                  |             |
|    approx_kl            | 0.016949093 |
|    clip_fraction        | 0.169       |
|    clip_range           | 0.2         |
|    entropy_loss         | -0.943      |
|    explained_variance   | 0.907       |
|    learning_rate        | 0.0003      |
|    loss                 | 0.868       |
|    n_updates            | 7060        |
|    policy_gradient_loss | -0.0063     |
|    value_loss           | 6.71        |
-----------------------------------------
 100% ━━━━━━━━━━━━━━━━━━━━━━━━ 61,440/60,000  [ 0:00:36 < 0:00:00 , 1,639 it/s ]

  [eval @ 60,000] success=0.0% (0/8)
---------------------------------
| rollout/           |          |
|    ep_len_mean     | 710      |
|    ep_rew_mean     | 180      |
| time/              |          |
|    fps             | 1917     |
|    iterations      | 1        |
|    time_elapsed    | 1        |
|    total_timesteps | 1449984  |
---------------------------------
-----------------------------------------
| rollout/                |             |
|    ep_len_mean          | 741         |
|    ep_rew_mean          | 182         |
| time/                   |             |
|    fps                  | 1774        |
|    iterations           | 2           |
|    time_elapsed         | 2           |
|    total_timesteps      | 1452032     |
| train/                  |             |
|    approx_kl            | 0.013401481 |
|    clip_fraction        | 0.194       |
|    clip_range           | 0.2         |
|    entropy_loss         | -1.04       |
|    explained_variance   | 0.731       |
|    learning_rate        | 0.0003      |
|    loss                 | 3.46        |
|    n_updates            | 7080        |
|    policy_gradient_loss | -0.0102     |
|    value_loss           | 7.46        |
-----------------------------------------
------------------------------------------
| rollout/                |              |
|    ep_len_mean          | 772          |
|    ep_rew_mean          | 182          |
| time/                   |              |
|    fps                  | 1755         |
|    iterations           | 3            |
|    time_elapsed         | 3            |
|    total_timesteps      | 1454080      |
| train/                  |              |
|    approx_kl            | 0.0062856446 |
|    clip_fraction        | 0.0554       |
|    clip_range           | 0.2          |
|    entropy_loss         | -0.772       |
|    explained_variance   | 0.934        |
|    learning_rate        | 0.0003       |
|    loss                 | 5.37         |
|    n_updates            | 7090         |
|    policy_gradient_loss | -0.00477     |
|    value_loss           | 17.2         |
------------------------------------------
-----------------------------------------
| rollout/                |             |
|    ep_len_mean          | 772         |
|    ep_rew_mean          | 182         |
| time/                   |             |
|    fps                  | 1727        |
|    iterations           | 4           |
|    time_elapsed         | 4           |
|    total_timesteps      | 1456128     |
| train/                  |             |
|    approx_kl            | 0.014616303 |
|    clip_fraction        | 0.187       |
|    clip_range           | 0.2         |
|    entropy_loss         | -0.918      |
|    explained_variance   | 0.92        |
|    learning_rate        | 0.0003      |
|    loss                 | 2.43        |
|    n_updates            | 7100        |
|    policy_gradient_loss | -0.00849    |
|    value_loss           | 10.6        |
-----------------------------------------
-----------------------------------------
| rollout/                |             |
|    ep_len_mean          | 803         |
|    ep_rew_mean          | 180         |
| time/                   |             |
|    fps                  | 1706        |
|    iterations           | 5           |
|    time_elapsed         | 6           |
|    total_timesteps      | 1458176     |
| train/                  |             |
|    approx_kl            | 0.012258176 |
|    clip_fraction        | 0.157       |
|    clip_range           | 0.2         |
|    entropy_loss         | -0.989      |
|    explained_variance   | -0.668      |
|    learning_rate        | 0.0003      |
|    loss                 | 1.27        |
|    n_updates            | 7110        |
|    policy_gradient_loss | -0.00887    |
|    value_loss           | 6.18        |
-----------------------------------------
------------------------------------------
| rollout/                |              |
|    ep_len_mean          | 833          |
|    ep_rew_mean          | 181          |
| time/                   |              |
|    fps                  | 1711         |
|    iterations           | 6            |
|    time_elapsed         | 7            |
|    total_timesteps      | 1460224      |
| train/                  |              |
|    approx_kl            | 0.0060608382 |
|    clip_fraction        | 0.0752       |
|    clip_range           | 0.2          |
|    entropy_loss         | -0.789       |
|    explained_variance   | 0.934        |
|    learning_rate        | 0.0003       |
|    loss                 | 4.19         |
|    n_updates            | 7120         |
|    policy_gradient_loss | -0.00399     |
|    value_loss           | 11.9         |
------------------------------------------
-----------------------------------------
| rollout/                |             |
|    ep_len_mean          | 833         |
|    ep_rew_mean          | 181         |
| time/                   |             |
|    fps                  | 1708        |
|    iterations           | 7           |
|    time_elapsed         | 8           |
|    total_timesteps      | 1462272     |
| train/                  |             |
|    approx_kl            | 0.020940863 |
|    clip_fraction        | 0.198       |
|    clip_range           | 0.2         |
|    entropy_loss         | -1.02       |
|    explained_variance   | 0.963       |
|    learning_rate        | 0.0003      |
|    loss                 | 0.13        |
|    n_updates            | 7130        |
|    policy_gradient_loss | -0.00825    |
|    value_loss           | 1.28        |
-----------------------------------------
-----------------------------------------
| rollout/                |             |
|    ep_len_mean          | 864         |
|    ep_rew_mean          | 179         |
| time/                   |             |
|    fps                  | 1682        |
|    iterations           | 8           |
|    time_elapsed         | 9           |
|    total_timesteps      | 1464320     |
| train/                  |             |
|    approx_kl            | 0.012912625 |
|    clip_fraction        | 0.077       |
|    clip_range           | 0.2         |
|    entropy_loss         | -1.03       |
|    explained_variance   | 0.21        |
|    learning_rate        | 0.0003      |
|    loss                 | 2.11        |
|    n_updates            | 7140        |
|    policy_gradient_loss | -0.0054     |
|    value_loss           | 10.2        |
-----------------------------------------
------------------------------------------
| rollout/                |              |
|    ep_len_mean          | 864          |
|    ep_rew_mean          | 179          |
| time/                   |              |
|    fps                  | 1678         |
|    iterations           | 9            |
|    time_elapsed         | 10           |
|    total_timesteps      | 1466368      |
| train/                  |              |
|    approx_kl            | 0.0060400595 |
|    clip_fraction        | 0.0563       |
|    clip_range           | 0.2          |
|    entropy_loss         | -0.797       |
|    explained_variance   | 0.899        |
|    learning_rate        | 0.0003       |
|    loss                 | 2.57         |
|    n_updates            | 7150         |
|    policy_gradient_loss | -0.00427     |
|    value_loss           | 14           |
------------------------------------------
-----------------------------------------
| rollout/                |             |
|    ep_len_mean          | 895         |
|    ep_rew_mean          | 181         |
| time/                   |             |
|    fps                  | 1659        |
|    iterations           | 10          |
|    time_elapsed         | 12          |
|    total_timesteps      | 1468416     |
| train/                  |             |
|    approx_kl            | 0.025171809 |
|    clip_fraction        | 0.272       |
|    clip_range           | 0.2         |
|    entropy_loss         | -1.18       |
|    explained_variance   | 0.106       |
|    learning_rate        | 0.0003      |
|    loss                 | 0.00216     |
|    n_updates            | 7160        |
|    policy_gradient_loss | -0.0131     |
|    value_loss           | 0.289       |
-----------------------------------------
-----------------------------------------
| rollout/                |             |
|    ep_len_mean          | 926         |
|    ep_rew_mean          | 183         |
| time/                   |             |
|    fps                  | 1658        |
|    iterations           | 11          |
|    time_elapsed         | 13          |
|    total_timesteps      | 1470464     |
| train/                  |             |
|    approx_kl            | 0.015427819 |
|    clip_fraction        | 0.123       |
|    clip_range           | 0.2         |
|    entropy_loss         | -0.822      |
|    explained_variance   | 0.91        |
|    learning_rate        | 0.0003      |
|    loss                 | 5.84        |
|    n_updates            | 7170        |
|    policy_gradient_loss | -0.0112     |
|    value_loss           | 18.5        |
-----------------------------------------
---------------------------------------
| rollout/                |           |
|    ep_len_mean          | 926       |
|    ep_rew_mean          | 183       |
| time/                   |           |
|    fps                  | 1665      |
|    iterations           | 12        |
|    time_elapsed         | 14        |
|    total_timesteps      | 1472512   |
| train/                  |           |
|    approx_kl            | 0.0143066 |
|    clip_fraction        | 0.102     |
|    clip_range           | 0.2       |
|    entropy_loss         | -0.837    |
|    explained_variance   | 0.961     |
|    learning_rate        | 0.0003    |
|    loss                 | 3.43      |
|    n_updates            | 7180      |
|    policy_gradient_loss | -0.00888  |
|    value_loss           | 10.7      |
---------------------------------------
-----------------------------------------
| rollout/                |             |
|    ep_len_mean          | 956         |
|    ep_rew_mean          | 184         |
| time/                   |             |
|    fps                  | 1668        |
|    iterations           | 13          |
|    time_elapsed         | 15          |
|    total_timesteps      | 1474560     |
| train/                  |             |
|    approx_kl            | 0.030524593 |
|    clip_fraction        | 0.258       |
|    clip_range           | 0.2         |
|    entropy_loss         | -1.15       |
|    explained_variance   | -0.888      |
|    learning_rate        | 0.0003      |
|    loss                 | 0.0823      |
|    n_updates            | 7190        |
|    policy_gradient_loss | -0.0115     |
|    value_loss           | 0.465       |
-----------------------------------------
-----------------------------------------
| rollout/                |             |
|    ep_len_mean          | 987         |
|    ep_rew_mean          | 186         |
| time/                   |             |
|    fps                  | 1666        |
|    iterations           | 14          |
|    time_elapsed         | 17          |
|    total_timesteps      | 1476608     |
| train/                  |             |
|    approx_kl            | 0.006719888 |
|    clip_fraction        | 0.0934      |
|    clip_range           | 0.2         |
|    entropy_loss         | -0.836      |
|    explained_variance   | 0.973       |
|    learning_rate        | 0.0003      |
|    loss                 | 1.94        |
|    n_updates            | 7200        |
|    policy_gradient_loss | -0.00518    |
|    value_loss           | 9.91        |
-----------------------------------------
-----------------------------------------
| rollout/                |             |
|    ep_len_mean          | 987         |
|    ep_rew_mean          | 186         |
| time/                   |             |
|    fps                  | 1666        |
|    iterations           | 15          |
|    time_elapsed         | 18          |
|    total_timesteps      | 1478656     |
| train/                  |             |
|    approx_kl            | 0.008057998 |
|    clip_fraction        | 0.0656      |
|    clip_range           | 0.2         |
|    entropy_loss         | -0.944      |
|    explained_variance   | 0.957       |
|    learning_rate        | 0.0003      |
|    loss                 | 3.41        |
|    n_updates            | 7210        |
|    policy_gradient_loss | -0.00714    |
|    value_loss           | 12.9        |
-----------------------------------------
------------------------------------------
| rollout/                |              |
|    ep_len_mean          | 1.02e+03     |
|    ep_rew_mean          | 188          |
| time/                   |              |
|    fps                  | 1649         |
|    iterations           | 16           |
|    time_elapsed         | 19           |
|    total_timesteps      | 1480704      |
| train/                  |              |
|    approx_kl            | 0.0061684507 |
|    clip_fraction        | 0.0198       |
|    clip_range           | 0.2          |
|    entropy_loss         | -0.967       |
|    explained_variance   | 0.811        |
|    learning_rate        | 0.0003       |
|    loss                 | 4.11         |
|    n_updates            | 7220         |
|    policy_gradient_loss | -0.00772     |
|    value_loss           | 8.83         |
------------------------------------------
------------------------------------------
| rollout/                |              |
|    ep_len_mean          | 1.05e+03     |
|    ep_rew_mean          | 190          |
| time/                   |              |
|    fps                  | 1642         |
|    iterations           | 17           |
|    time_elapsed         | 21           |
|    total_timesteps      | 1482752      |
| train/                  |              |
|    approx_kl            | 0.0041087214 |
|    clip_fraction        | 0.0285       |
|    clip_range           | 0.2          |
|    entropy_loss         | -0.798       |
|    explained_variance   | 0.941        |
|    learning_rate        | 0.0003       |
|    loss                 | 5.96         |
|    n_updates            | 7230         |
|    policy_gradient_loss | -0.00736     |
|    value_loss           | 21.2         |
------------------------------------------
-----------------------------------------
| rollout/                |             |
|    ep_len_mean          | 1.05e+03    |
|    ep_rew_mean          | 190         |
| time/                   |             |
|    fps                  | 1637        |
|    iterations           | 18          |
|    time_elapsed         | 22          |
|    total_timesteps      | 1484800     |
| train/                  |             |
|    approx_kl            | 0.008169996 |
|    clip_fraction        | 0.0885      |
|    clip_range           | 0.2         |
|    entropy_loss         | -0.985      |
|    explained_variance   | 0.851       |
|    learning_rate        | 0.0003      |
|    loss                 | 5.8         |
|    n_updates            | 7240        |
|    policy_gradient_loss | -0.00943    |
|    value_loss           | 19.3        |
-----------------------------------------
-----------------------------------------
| rollout/                |             |
|    ep_len_mean          | 1.08e+03    |
|    ep_rew_mean          | 188         |
| time/                   |             |
|    fps                  | 1634        |
|    iterations           | 19          |
|    time_elapsed         | 23          |
|    total_timesteps      | 1486848     |
| train/                  |             |
|    approx_kl            | 0.008882776 |
|    clip_fraction        | 0.111       |
|    clip_range           | 0.2         |
|    entropy_loss         | -1          |
|    explained_variance   | -1.19       |
|    learning_rate        | 0.0003      |
|    loss                 | 4.29        |
|    n_updates            | 7250        |
|    policy_gradient_loss | -0.00771    |
|    value_loss           | 25          |
-----------------------------------------
-----------------------------------------
| rollout/                |             |
|    ep_len_mean          | 1.11e+03    |
|    ep_rew_mean          | 190         |
| time/                   |             |
|    fps                  | 1641        |
|    iterations           | 20          |
|    time_elapsed         | 24          |
|    total_timesteps      | 1488896     |
| train/                  |             |
|    approx_kl            | 0.009328565 |
|    clip_fraction        | 0.0589      |
|    clip_range           | 0.2         |
|    entropy_loss         | -0.821      |
|    explained_variance   | 0.94        |
|    learning_rate        | 0.0003      |
|    loss                 | 3.56        |
|    n_updates            | 7260        |
|    policy_gradient_loss | -0.00802    |
|    value_loss           | 13.6        |
-----------------------------------------
-----------------------------------------
| rollout/                |             |
|    ep_len_mean          | 1.11e+03    |
|    ep_rew_mean          | 190         |
| time/                   |             |
|    fps                  | 1644        |
|    iterations           | 21          |
|    time_elapsed         | 26          |
|    total_timesteps      | 1490944     |
| train/                  |             |
|    approx_kl            | 0.032769784 |
|    clip_fraction        | 0.185       |
|    clip_range           | 0.2         |
|    entropy_loss         | -1.13       |
|    explained_variance   | -0.127      |
|    learning_rate        | 0.0003      |
|    loss                 | 0.0563      |
|    n_updates            | 7270        |
|    policy_gradient_loss | -0.0118     |
|    value_loss           | 0.781       |
-----------------------------------------
------------------------------------------
| rollout/                |              |
|    ep_len_mean          | 1.14e+03     |
|    ep_rew_mean          | 191          |
| time/                   |              |
|    fps                  | 1646         |
|    iterations           | 22           |
|    time_elapsed         | 27           |
|    total_timesteps      | 1492992      |
| train/                  |              |
|    approx_kl            | 0.0072764615 |
|    clip_fraction        | 0.0669       |
|    clip_range           | 0.2          |
|    entropy_loss         | -0.856       |
|    explained_variance   | 0.878        |
|    learning_rate        | 0.0003       |
|    loss                 | 10.1         |
|    n_updates            | 7280         |
|    policy_gradient_loss | -0.0114      |
|    value_loss           | 38.5         |
------------------------------------------
------------------------------------------
| rollout/                |              |
|    ep_len_mean          | 1.14e+03     |
|    ep_rew_mean          | 191          |
| time/                   |              |
|    fps                  | 1645         |
|    iterations           | 23           |
|    time_elapsed         | 28           |
|    total_timesteps      | 1495040      |
| train/                  |              |
|    approx_kl            | 0.0056579714 |
|    clip_fraction        | 0.0489       |
|    clip_range           | 0.2          |
|    entropy_loss         | -0.835       |
|    explained_variance   | 0.967        |
|    learning_rate        | 0.0003       |
|    loss                 | 3.29         |
|    n_updates            | 7290         |
|    policy_gradient_loss | -0.00998     |
|    value_loss           | 10.2         |
------------------------------------------
-----------------------------------------
| rollout/                |             |
|    ep_len_mean          | 1.17e+03    |
|    ep_rew_mean          | 192         |
| time/                   |             |
|    fps                  | 1647        |
|    iterations           | 24          |
|    time_elapsed         | 29          |
|    total_timesteps      | 1497088     |
| train/                  |             |
|    approx_kl            | 0.023852546 |
|    clip_fraction        | 0.12        |
|    clip_range           | 0.2         |
|    entropy_loss         | -0.979      |
|    explained_variance   | 0.751       |
|    learning_rate        | 0.0003      |
|    loss                 | 0.0985      |
|    n_updates            | 7300        |
|    policy_gradient_loss | -0.0077     |
|    value_loss           | 0.895       |
-----------------------------------------
-----------------------------------------
| rollout/                |             |
|    ep_len_mean          | 1.2e+03     |
|    ep_rew_mean          | 192         |
| time/                   |             |
|    fps                  | 1646        |
|    iterations           | 25          |
|    time_elapsed         | 31          |
|    total_timesteps      | 1499136     |
| train/                  |             |
|    approx_kl            | 0.044152044 |
|    clip_fraction        | 0.226       |
|    clip_range           | 0.2         |
|    entropy_loss         | -1.08       |
|    explained_variance   | 0.934       |
|    learning_rate        | 0.0003      |
|    loss                 | 3.67        |
|    n_updates            | 7310        |
|    policy_gradient_loss | -0.00987    |
|    value_loss           | 11.9        |
-----------------------------------------
---------------------------------------
| rollout/                |           |
|    ep_len_mean          | 1.2e+03   |
|    ep_rew_mean          | 192       |
| time/                   |           |
|    fps                  | 1651      |
|    iterations           | 26        |
|    time_elapsed         | 32        |
|    total_timesteps      | 1501184   |
| train/                  |           |
|    approx_kl            | 0.0160208 |
|    clip_fraction        | 0.135     |
|    clip_range           | 0.2       |
|    entropy_loss         | -1.16     |
|    explained_variance   | -0.0414   |
|    learning_rate        | 0.0003    |
|    loss                 | 0.699     |
|    n_updates            | 7320      |
|    policy_gradient_loss | -0.0087   |
|    value_loss           | 5.96      |
---------------------------------------
------------------------------------------
| rollout/                |              |
|    ep_len_mean          | 1.23e+03     |
|    ep_rew_mean          | 194          |
| time/                   |              |
|    fps                  | 1654         |
|    iterations           | 27           |
|    time_elapsed         | 33           |
|    total_timesteps      | 1503232      |
| train/                  |              |
|    approx_kl            | 0.0056432094 |
|    clip_fraction        | 0.0419       |
|    clip_range           | 0.2          |
|    entropy_loss         | -0.832       |
|    explained_variance   | 0.972        |
|    learning_rate        | 0.0003       |
|    loss                 | 2.4          |
|    n_updates            | 7330         |
|    policy_gradient_loss | -0.00551     |
|    value_loss           | 8.82         |
------------------------------------------
------------------------------------------
| rollout/                |              |
|    ep_len_mean          | 1.26e+03     |
|    ep_rew_mean          | 196          |
| time/                   |              |
|    fps                  | 1659         |
|    iterations           | 28           |
|    time_elapsed         | 34           |
|    total_timesteps      | 1505280      |
| train/                  |              |
|    approx_kl            | 0.0050759995 |
|    clip_fraction        | 0.0287       |
|    clip_range           | 0.2          |
|    entropy_loss         | -0.767       |
|    explained_variance   | 0.944        |
|    learning_rate        | 0.0003       |
|    loss                 | 5.75         |
|    n_updates            | 7340         |
|    policy_gradient_loss | -0.00552     |
|    value_loss           | 21.2         |
------------------------------------------
----------------------------------------
| rollout/                |            |
|    ep_len_mean          | 1.26e+03   |
|    ep_rew_mean          | 196        |
| time/                   |            |
|    fps                  | 1663       |
|    iterations           | 29         |
|    time_elapsed         | 35         |
|    total_timesteps      | 1507328    |
| train/                  |            |
|    approx_kl            | 0.01067888 |
|    clip_fraction        | 0.0803     |
|    clip_range           | 0.2        |
|    entropy_loss         | -0.94      |
|    explained_variance   | 0.97       |
|    learning_rate        | 0.0003     |
|    loss                 | 1.78       |
|    n_updates            | 7350       |
|    policy_gradient_loss | -0.00738   |
|    value_loss           | 8.3        |
----------------------------------------
-----------------------------------------
| rollout/                |             |
|    ep_len_mean          | 1.29e+03    |
|    ep_rew_mean          | 197         |
| time/                   |             |
|    fps                  | 1666        |
|    iterations           | 30          |
|    time_elapsed         | 36          |
|    total_timesteps      | 1509376     |
| train/                  |             |
|    approx_kl            | 0.004413098 |
|    clip_fraction        | 0.0152      |
|    clip_range           | 0.2         |
|    entropy_loss         | -0.866      |
|    explained_variance   | 0.938       |
|    learning_rate        | 0.0003      |
|    loss                 | 2.52        |
|    n_updates            | 7360        |
|    policy_gradient_loss | -0.00612    |
|    value_loss           | 7.14        |
-----------------------------------------
 100% ━━━━━━━━━━━━━━━━━━━━━━━━ 61,440/60,000  [ 0:00:36 < 0:00:00 , 1,651 it/s ]

  [eval @ 120,000] success=0.0% (0/8)
  [eval final] success=0.0%
[PPO-Random] 阶段 pool_500_lite 完成，耗时 99.2s
{
  "model_path": "/Users/zhangzongyu/Desktop/RL/sprint3/outputs/models/ppo_random.zip",
  "curriculum": "configs/ppo_finish.yaml",
  "mode": "random_map_pool",
  "total_wall_time_sec": 921.1546226669961,
  "total_timesteps": 1120000,
  "stages": [
    {
      "stage": "random_96",
      "grid": "96×96",
      "map_pool_size": 20,
      "holdout_maps": 10,
      "mean_pool_obstacle_ratio": 0.24638129340277776,
      "timesteps": 80000,
      "max_episode_steps": 280,
      "wall_time_sec": 52.3486625000005,
      "holdout_eval": {
        "maps": 10,
        "episodes_per_map": 2,
        "total_episodes": 20,
        "success_rate": 0.5,
        "mean_path_cost_on_success": 142.9366665816369,
        "mean_steps_on_success": 123.8,
        "successes": 10
      }
    },
    {
      "stage": "random_192",
      "grid": "192×192",
      "map_pool_size": 18,
      "holdout_maps": 8,
      "mean_pool_obstacle_ratio": 0.20265480324074076,
      "timesteps": 100000,
      "max_episode_steps": 520,
      "wall_time_sec": 66.86431741599881,
      "holdout_eval": {
        "maps": 8,
        "episodes_per_map": 2,
        "total_episodes": 16,
        "success_rate": 0.0,
        "mean_path_cost_on_success": null,
        "mean_steps_on_success": null,
        "successes": 0
      }
    },
    {
      "stage": "random_384",
      "grid": "384×384",
      "map_pool_size": 14,
      "holdout_maps": 6,
      "mean_pool_obstacle_ratio": 0.22000315832713294,
      "timesteps": 120000,
      "max_episode_steps": 1100,
      "wall_time_sec": 86.80516637499932,
      "holdout_eval": {
        "maps": 6,
        "episodes_per_map": 2,
        "total_episodes": 12,
        "success_rate": 0.0,
        "mean_path_cost_on_success": null,
        "mean_steps_on_success": null,
        "successes": 0
      }
    },
    {
      "stage": "random_500",
      "grid": "500×500",
      "map_pool_size": 12,
      "holdout_maps": 6,
      "mean_pool_obstacle_ratio": 0.25782066666666664,
      "timesteps": 200000,
      "max_episode_steps": 2800,
      "wall_time_sec": 155.16907891699884,
      "holdout_eval": {
        "maps": 6,
        "episodes_per_map": 2,
        "total_episodes": 12,
        "success_rate": 0.0,
        "mean_path_cost_on_success": null,
        "mean_steps_on_success": null,
        "successes": 0
      }
    },
    {
      "stage": "pool_100",
      "preset": null,
      "grid": "100×100",
      "map_pool_size": 32,
      "holdout_maps": 10,
      "mean_pool_obstacle_ratio": 0.27576875,
      "timesteps": 300000,
      "max_episode_steps": 450,
      "wall_time_sec": 186.44068499999412,
      "holdout_eval": {
        "maps": 10,
        "episodes_per_map": 3,
        "total_episodes": 30,
        "success_rate": 0.3,
        "mean_path_cost_on_success": 165.3658488235192,
        "mean_steps_on_success": 133.33333333333334,
        "successes": 9
      }
    },
    {
      "stage": "finetune_ship_pipe_100",
      "preset": "ship_pipe_100",
      "grid": "100×100",
      "map_pool_size": 1,
      "holdout_maps": 1,
      "mean_pool_obstacle_ratio": 0.2216,
      "timesteps": 200000,
      "max_episode_steps": 450,
      "wall_time_sec": 125.82755541700317,
      "holdout_eval": {
        "maps": 1,
        "episodes_per_map": 3,
        "total_episodes": 3,
        "success_rate": 1.0,
        "mean_path_cost_on_success": 159.13708498984766,
        "mean_steps_on_success": 126.0,
        "successes": 3
      }
    },
    {
      "stage": "pool_500_lite",
      "preset": null,
      "grid": "500×500",
      "map_pool_size": 8,
      "holdout_maps": 4,
      "mean_pool_obstacle_ratio": 0.26613050000000005,
      "timesteps": 120000,
      "max_episode_steps": 3200,
      "wall_time_sec": 99.15315308300342,
      "holdout_eval": {
        "maps": 4,
        "episodes_per_map": 2,
        "total_episodes": 8,
        "success_rate": 0.0,
        "mean_path_cost_on_success": null,
        "mean_steps_on_success": null,
        "successes": 0
      }
    }
  ],
  "eval_checkpoints": [
    {
      "stage": "random_96",
      "checkpoint_timesteps": 40000,
      "maps": 10,
      "episodes_per_map": 2,
      "total_episodes": 20,
      "success_rate": 0.6,
      "mean_path_cost_on_success": 155.77649104842422,
      "mean_steps_on_success": 143.83333333333334,
      "successes": 12
    },
    {
      "stage": "random_96",
      "checkpoint_timesteps": 80000,
      "maps": 10,
      "episodes_per_map": 2,
      "total_episodes": 20,
      "success_rate": 0.5,
      "mean_path_cost_on_success": 142.9366665816369,
      "mean_steps_on_success": 123.8,
      "successes": 10
    },
    {
      "stage": "random_96",
      "checkpoint": "final",
      "maps": 10,
      "episodes_per_map": 2,
      "total_episodes": 20,
      "success_rate": 0.5,
      "mean_path_cost_on_success": 142.9366665816369,
      "mean_steps_on_success": 123.8,
      "successes": 10
    },
    {
      "stage": "random_192",
      "checkpoint_timesteps": 50000,
      "maps": 8,
      "episodes_per_map": 2,
      "total_episodes": 16,
      "success_rate": 0.125,
      "mean_path_cost_on_success": 285.0193359837567,
      "mean_steps_on_success": 232.0,
      "successes": 2
    },
    {
      "stage": "random_192",
      "checkpoint_timesteps": 100000,
      "maps": 8,
      "episodes_per_map": 2,
      "total_episodes": 16,
      "success_rate": 0.0,
      "mean_path_cost_on_success": null,
      "mean_steps_on_success": null,
      "successes": 0
    },
    {
      "stage": "random_192",
      "checkpoint": "final",
      "maps": 8,
      "episodes_per_map": 2,
      "total_episodes": 16,
      "success_rate": 0.0,
      "mean_path_cost_on_success": null,
      "mean_steps_on_success": null,
      "successes": 0
    },
    {
      "stage": "random_384",
      "checkpoint_timesteps": 60000,
      "maps": 6,
      "episodes_per_map": 2,
      "total_episodes": 12,
      "success_rate": 0.0,
      "mean_path_cost_on_success": null,
      "mean_steps_on_success": null,
      "successes": 0
    },
    {
      "stage": "random_384",
      "checkpoint_timesteps": 120000,
      "maps": 6,
      "episodes_per_map": 2,
      "total_episodes": 12,
      "success_rate": 0.0,
      "mean_path_cost_on_success": null,
      "mean_steps_on_success": null,
      "successes": 0
    },
    {
      "stage": "random_384",
      "checkpoint": "final",
      "maps": 6,
      "episodes_per_map": 2,
      "total_episodes": 12,
      "success_rate": 0.0,
      "mean_path_cost_on_success": null,
      "mean_steps_on_success": null,
      "successes": 0
    },
    {
      "stage": "random_500",
      "checkpoint_timesteps": 100000,
      "maps": 6,
      "episodes_per_map": 2,
      "total_episodes": 12,
      "success_rate": 0.0,
      "mean_path_cost_on_success": null,
      "mean_steps_on_success": null,
      "successes": 0
    },
    {
      "stage": "random_500",
      "checkpoint_timesteps": 200000,
      "maps": 6,
      "episodes_per_map": 2,
      "total_episodes": 12,
      "success_rate": 0.0,
      "mean_path_cost_on_success": null,
      "mean_steps_on_success": null,
      "successes": 0
    },
    {
      "stage": "random_500",
      "checkpoint": "final",
      "maps": 6,
      "episodes_per_map": 2,
      "total_episodes": 12,
      "success_rate": 0.0,
      "mean_path_cost_on_success": null,
      "mean_steps_on_success": null,
      "successes": 0
    },
    {
      "stage": "pool_100",
      "checkpoint_timesteps": 100000,
      "maps": 10,
      "episodes_per_map": 3,
      "total_episodes": 30,
      "success_rate": 0.4,
      "mean_path_cost_on_success": 164.94469683442247,
      "mean_steps_on_success": 134.5,
      "successes": 12
    },
    {
      "stage": "pool_100",
      "checkpoint_timesteps": 200000,
      "maps": 10,
      "episodes_per_map": 3,
      "total_episodes": 30,
      "success_rate": 0.4,
      "mean_path_cost_on_success": 178.04520189781078,
      "mean_steps_on_success": 150.5,
      "successes": 12
    },
    {
      "stage": "pool_100",
      "checkpoint_timesteps": 300000,
      "maps": 10,
      "episodes_per_map": 3,
      "total_episodes": 30,
      "success_rate": 0.3,
      "mean_path_cost_on_success": 165.3658488235192,
      "mean_steps_on_success": 133.33333333333334,
      "successes": 9
    },
    {
      "stage": "pool_100",
      "checkpoint": "final",
      "maps": 10,
      "episodes_per_map": 3,
      "total_episodes": 30,
      "success_rate": 0.3,
      "mean_path_cost_on_success": 165.3658488235192,
      "mean_steps_on_success": 133.33333333333334,
      "successes": 9
    },
    {
      "stage": "finetune_ship_pipe_100",
      "checkpoint": "final",
      "maps": 1,
      "episodes_per_map": 3,
      "total_episodes": 3,
      "success_rate": 1.0,
      "mean_path_cost_on_success": 159.13708498984766,
      "mean_steps_on_success": 126.0,
      "successes": 3
    },
    {
      "stage": "pool_500_lite",
      "checkpoint_timesteps": 60000,
      "maps": 4,
      "episodes_per_map": 2,
      "total_episodes": 8,
      "success_rate": 0.0,
      "mean_path_cost_on_success": null,
      "mean_steps_on_success": null,
      "successes": 0
    },
    {
      "stage": "pool_500_lite",
      "checkpoint_timesteps": 120000,
      "maps": 4,
      "episodes_per_map": 2,
      "total_episodes": 8,
      "success_rate": 0.0,
      "mean_path_cost_on_success": null,
      "mean_steps_on_success": null,
      "successes": 0
    },
    {
      "stage": "pool_500_lite",
      "checkpoint": "final",
      "maps": 4,
      "episodes_per_map": 2,
      "total_episodes": 8,
      "success_rate": 0.0,
      "mean_path_cost_on_success": null,
      "mean_steps_on_success": null,
      "successes": 0
    }
  ],
  "continued_from": "/Users/zhangzongyu/Desktop/RL/sprint3/outputs/models/ppo_random.zip"
}
